<?xml version="1.0" encoding="utf-8" standalone="no"?>
<Configuration>
  <ExchangeItems>
    <OutputExchangeItem>
      <ElementSet>
        <ID>Smith Branch</ID>
        <Description>Smith Branch Watershed, Columbia SC</Description>
        <ShapefilePath>..\..\..\data\gis\StreamNet_HEC.shp</ShapefilePath>
        <Version>1</Version>
      </ElementSet>
      <Quantity>
        <ID>Streamflow</ID>
        <Description>Streamflow</Description>
        <Dimensions>
          <Dimension>
            <Base>Length</Base>
            <Power>3</Power>
          </Dimension>
          <Dimension>
            <Base>Time</Base>
            <Power>-1</Power>
          </Dimension>
        </Dimensions>
        <Unit>
          <ID>cms</ID>
          <Description>cubic meters per second</Description>
          <ConversionFactorToSI>1</ConversionFactorToSI>
          <OffSetToSI>0</OffSetToSI>
        </Unit>
        <ValueType>Scalar</ValueType>
      </Quantity>
    </OutputExchangeItem>
    <InputExchangeItem>
      <ElementSet>
        <ID>Smith Branch</ID>
        <Description>Smith Branch Watershed, Columbia SC</Description>
        <Version>1</Version>
        <ShapefilePath>..\..\..\data\gis\StreamNet_HEC.shp</ShapefilePath>
      </ElementSet>
      <Quantity>
        <ID>Runoff</ID>
        <Description>Runoff</Description>
        <Dimensions>
          <Dimension>
            <Power>3</Power>
            <Base>Length</Base>
          </Dimension>
          <Dimension>
            <Power>-1</Power>
            <Base>Time</Base>
          </Dimension>
        </Dimensions>
        <Unit>
          <ID>cms</ID>
          <Description>Cubic meters per second</Description>
          <ConversionFactorToSI>1</ConversionFactorToSI>
          <OffSetToSI>0</OffSetToSI>
        </Unit>
        <ValueType>Scalar</ValueType>
      </Quantity>
    </InputExchangeItem>
  </ExchangeItems>
  <TimeHorizon>
    <StartDateTime>08/20/2009 21:40:00</StartDateTime>
    <EndDateTime>08/21/2009 10:00:00</EndDateTime>
    <TimeStepInSeconds>300</TimeStepInSeconds>
  </TimeHorizon>
  <ModelInfo>
    <ID>Muskingum Routing</ID>
    <Description>Python script that calculates that returns the stream flow at the outlet of a stream network</Description>
  </ModelInfo>
</Configuration>
