StationID:,0,1
Latitude:,NA,NA
Longitude:,NA,NA
Elevation:,296,661.4
Date:,ETsz(mm/d),ETsz(mm/d)
01-03-2005,1.16696620301458,0.95893236932379
01-04-2005,1.2560080524719,1.03329013269169
01-05-2005,1.36095200164746,1.16382311593529
01-06-2005,1.2271705178662,1.09057951890173
01-07-2005,1.07439376973655,1.23283718041692
01-08-2005,1.06943653903145,0.899102525174319
01-09-2005,1.3529499259914,1.15488084742387
01-10-2005,1.04262170791613,0.898945122151209
01-11-2005,1.16100782288645,0.993236855822565
01-12-2005,1.26229424062483,1.03297119267081
01-13-2005,1.40434697351465,1.14142888408124
01-14-2005,1.59265466441235,1.14757327098831
01-15-2005,1.3043783597143,1.03167128210357
01-16-2005,0.77859118185936,0.767412828526534
01-17-2005,0.819019418982205,0.814580415230039
01-18-2005,0.630240528294509,0.536319436415159
01-19-2005,0.554956985986991,0.525898300505315
01-20-2005,0.64885529996951,0.649856004479965
01-21-2005,0.924886813271706,0.859586812137447
01-22-2005,1.13995768804575,0.973117917527529
01-23-2005,0.879065366755544,0.896379881028807
01-24-2005,0.718234508025197,0.599135558122339
01-25-2005,0.708237021549624,0.630328390001908
01-26-2005,0.927059112564655,0.776954847919476
01-27-2005,1.17739903783606,1.194143333284
01-28-2005,1.07845719289519,0.992952742753356
01-29-2005,0.776270308638202,0.753754437321501
01-30-2005,0.656600335413209,0.496313861191149
01-31-2005,0.993008408088265,0.99945434988962
02-01-2005,1.04271758271639,0.790544542671691
02-02-2005,0.927746181594963,0.843807966633937
02-03-2005,0.303956245157947,0.879079184377562
02-04-2005,0.820498129862991,0.77977943069142
02-05-2005,1.31584009757914,1.11447359978287
02-06-2005,1.39673918949918,1.29280307672703
02-07-2005,1.41851213166291,1.25794980072492
02-08-2005,1.33063820398161,1.31338905251073
02-09-2005,1.69080038774789,1.66185219700392
02-10-2005,2.14070689981722,1.80870042188788
02-11-2005,1.63439274621256,1.47281752977312
02-12-2005,1.18686274398374,1.07906392263792
02-13-2005,1.42582898322503,1.44355008141541
02-14-2005,1.70475436094795,1.41315203563836
02-15-2005,1.19518840919877,1.53675642451789
02-16-2005,1.1535917109873,1.71062000065592
02-17-2005,2.49163792448998,2.21484444945355
02-18-2005,1.69739133041551,1.32098061905501
02-19-2005,1.47683202933762,1.27803279657756
02-20-2005,1.6782640234328,1.48132606125374
02-21-2005,1.73995404220562,1.61774320651013
02-22-2005,1.51820076942499,2.08687337146358
02-23-2005,2.43619299429189,2.22898657662657
02-24-2005,2.30037178404639,2.07318342159537
02-25-2005,2.22098705944747,2.11703352455444
02-26-2005,1.86742256151506,1.73040989224614
02-27-2005,1.87083120537022,1.87031994699743
02-28-2005,1.83029940419614,1.88706184517811
03-01-2005,0.834096231137271,1.22500183014399
03-02-2005,1.38919954031597,1.03308056653129
03-03-2005,1.68965031925013,1.36171870916681
03-04-2005,1.92146309507053,1.7658625061442
03-05-2005,1.98727281685958,1.84949585700296
03-06-2005,2.43861938287454,2.07801994698617
03-07-2005,2.37188792087568,2.26564557172449
03-08-2005,2.6214782708341,2.3402143414541
03-09-2005,2.41700857153468,2.12200426977859
03-10-2005,1.94079527532758,1.77492462175831
03-11-2005,2.2140757294061,1.98933006243208
03-12-2005,2.55843212799503,2.20555566706857
03-13-2005,2.45030453922421,2.45155859959223
03-14-2005,2.97615763806904,2.83740805653592
03-15-2005,3.09012787038235,2.81861066378506
03-16-2005,2.44009401273577,2.17480715963393
03-17-2005,2.05269867519692,2.19357940119869
03-18-2005,1.68863227485172,1.15080327128474
03-19-2005,2.56027059517651,2.24410603986509
03-20-2005,2.82395460847448,2.55525280633211
03-21-2005,3.22790861372631,2.88656278622886
03-22-2005,3.01615466805328,3.01548165911919
03-23-2005,2.06178529752637,2.76846349305545
03-24-2005,3.3715974505973,3.38677296245223
03-25-2005,3.51263782916567,2.73434486430048
03-26-2005,3.69600136385609,3.38474915378356
03-27-2005,3.59129569729688,3.66407456682263
03-28-2005,3.04104634752688,3.40193223655498
03-29-2005,1.3090010804789,0.746113866230451
03-30-2005,3.66990739590648,3.37226789876845
03-31-2005,3.97964680997907,3.69895406545407
04-01-2005,4.02237435739295,4.02255947423451
04-02-2005,1.75527580194865,2.90364498466185
04-03-2005,2.7244005532192,2.74786117451929
04-04-2005,3.3953180851806,2.63012662545277
04-05-2005,3.94534533746189,3.80389635180145
04-06-2005,4.28729165924036,4.01720208535675
04-07-2005,4.31062295730431,4.28633455760213
04-08-2005,4.05623242327812,3.90924334859071
04-09-2005,1.85911341662089,2.21523650667339
04-10-2005,3.65234387668059,3.73519152936159
04-11-2005,4.35568935822891,4.43914460546301
04-12-2005,4.81280531070103,4.72439960530888
04-13-2005,4.66377152452829,4.50051286062431
04-14-2005,1.35426316930337,1.48877192477575
04-15-2005,3.37784925457221,3.50953210082321
04-16-2005,3.96586003280073,4.12853964805093
04-17-2005,3.86249102304702,3.91689460271971
04-18-2005,4.18643147580297,4.05320070343616
04-19-2005,4.83300207466365,4.58928658775579
04-20-2005,4.99951095430482,4.87154727563314
04-21-2005,5.06465026398155,4.93698305212997
04-22-2005,5.11119085979634,4.82875652216695
04-23-2005,5.23133012207543,4.96747349507973
04-24-2005,3.77899154619959,3.31980295340074
04-25-2005,3.78908233881945,2.44428301555926
04-26-2005,4.14828114485264,4.04664971689846
04-27-2005,4.34644678584137,4.00253926365619
04-28-2005,4.5977324687855,3.82893653164302
04-29-2005,3.8082725577722,4.0240541807167
04-30-2005,4.1105091817109,4.95422247833002
05-01-2005,4.76001833847481,4.64090002151037
05-02-2005,4.60289921522666,4.01002428995877
05-03-2005,4.70718120291895,4.25908678392212
05-04-2005,4.55424558648135,4.24733182798901
05-05-2005,4.17581693926817,4.34545405727771
05-06-2005,3.84601008611582,4.24481958474808
05-07-2005,4.11913550352481,4.79090730131572
05-08-2005,5.21447071804517,5.10685594539857
05-09-2005,5.82597772823999,5.52489671818402
05-10-2005,5.93195420115624,5.75553137264272
05-11-2005,5.85542331220927,5.71955102287852
05-12-2005,5.88563522016019,5.4963199558452
05-13-2005,6.37781776680713,6.06865518222718
05-14-2005,6.18169427659515,6.07470448823673
05-15-2005,4.43536479791103,5.37335982811612
05-16-2005,5.58249005505855,3.64326858953482
05-17-2005,5.45618981276586,5.00330294218737
05-18-2005,5.34578379460569,5.43313123755685
05-19-2005,5.08386952976231,5.96278204102513
05-20-2005,5.23723080653133,5.62386134449317
05-21-2005,5.5236999014497,5.06493409690647
05-22-2005,4.42995698432622,3.29847199534072
05-23-2005,4.31200793597281,5.076068249501
05-24-2005,5.92695935390897,5.79783991533999
05-25-2005,6.04547251415713,5.52997159930833
05-26-2005,5.49084459371815,4.14179789942666
05-27-2005,5.93194941832749,5.47824991875075
05-28-2005,6.32713075951672,5.92230118273811
05-29-2005,6.38621943301346,5.85388204740864
05-30-2005,6.03643962072415,5.40748065853352
05-31-2005,5.84849707294433,5.07650864718557
06-01-2005,4.81122841753998,4.82181326002914
06-02-2005,3.51585200037539,4.81958696911642
06-03-2005,1.54459153257106,1.43879138476866
06-04-2005,0.56438785909274,1.91840942675672
06-05-2005,6.36591847364239,6.20495723976328
06-06-2005,6.7860790334748,6.72671695186899
06-07-2005,6.89303210826534,6.65885490977862
06-08-2005,6.48774631612574,6.29898878215086
06-09-2005,6.27962549666822,5.83896644641955
06-10-2005,4.8710929151904,5.18528483728219
06-11-2005,4.53288133882482,4.90849184637328
06-12-2005,4.09342143118348,1.79049787233685
06-13-2005,3.57659859563165,1.60296442587095
06-14-2005,5.99687503071088,6.16512632675188
06-15-2005,7.07407068468911,6.96501664645536
06-16-2005,7.3022388660932,7.10063212411497
06-17-2005,6.869591503865,6.4164123304339
06-18-2005,6.06354603023428,6.07619367630755
06-19-2005,5.54919077796472,5.86662564562478
06-20-2005,5.10716584101817,5.7327768865938
06-21-2005,5.47693309286409,3.06396638992861
06-22-2005,5.75826800278621,5.01427624615164
06-23-2005,6.72385935614151,6.26416445982819
06-24-2005,6.57103062805268,6.53539813746401
06-25-2005,6.14311398925032,6.45621955467589
06-26-2005,6.06925298060139,6.3768775324176
06-27-2005,5.18643951219309,5.72574616819012
06-28-2005,5.73306722864961,4.99837235121706
06-29-2005,5.07200813275537,4.58382035210577
06-30-2005,4.62683175423197,5.40024231089053
07-01-2005,6.77387727784496,5.9462261187713
07-02-2005,7.08962552631619,6.5873368996754
07-03-2005,6.75545129502388,6.32504978383655
07-04-2005,5.6262444874661,4.09085007297857
07-05-2005,3.84637838562228,4.2496676656534
07-06-2005,6.06462497757097,5.66523048624438
07-07-2005,6.4014736881106,6.58428586107553
07-08-2005,6.2480058918499,5.52598369907775
07-09-2005,6.41235209700795,6.07462846517625
07-10-2005,6.84909593786215,6.58703460693791
07-11-2005,6.34908296850765,6.78009111791048
07-12-2005,4.96201830803507,4.80983478140839
07-13-2005,4.50524064103924,5.49509412706021
07-14-2005,5.28224497478915,5.23766847239412
07-15-2005,5.17507953672672,4.92096790123465
07-16-2005,3.87293886939197,4.4815070108122
07-17-2005,3.80965035265347,4.41744071417429
07-18-2005,5.60618584661665,5.89482795861538
07-19-2005,5.80382954012183,5.78094206072606
07-20-2005,6.45069915396146,5.78882015762761
07-21-2005,6.43786313534182,5.57227049946656
07-22-2005,6.56095743043143,6.03765038881773
07-23-2005,6.68414542228992,6.18502282675219
07-24-2005,6.56662358684836,6.71107674825044
07-25-2005,5.74886910205017,6.68288744734603
07-26-2005,6.80243300239921,7.09347212786504
07-27-2005,7.39977109442421,7.14445581569753
07-28-2005,7.3386543120673,7.09405674177159
07-29-2005,7.07915911427067,6.44840725320184
07-30-2005,6.09251275532393,4.4658875927513
07-31-2005,3.32949925349505,3.4345669968594
08-01-2005,3.20607386918952,4.05767533156181
08-02-2005,4.11725471170431,5.15971667933813
08-03-2005,5.641751189313,6.1185248735424
08-04-2005,6.22684102594994,6.34314654981336
08-05-2005,6.57657116447042,6.41168830731391
08-06-2005,6.38254555954794,6.17828208736253
08-07-2005,5.9181428400595,5.71045316828196
08-08-2005,5.01182149529051,4.94828998681167
08-09-2005,3.67533093675531,1.82248974851427
08-10-2005,4.85089175508771,4.08486138987108
08-11-2005,5.48105393626347,4.25779821711591
08-12-2005,5.78434572316862,6.23479559464248
08-13-2005,5.85954247513342,6.20889190042465
08-14-2005,5.8184930928443,6.31874110152608
08-15-2005,5.98755830234199,5.69752396572737
08-16-2005,6.14805477094818,6.11361192914842
08-17-2005,6.05467228805593,6.05408114694908
08-18-2005,5.81324329802064,5.78846594398657
08-19-2005,3.58096235844144,4.86388778441437
08-20-2005,5.66662010506443,5.30823505020658
08-21-2005,6.2991293402635,5.8474621932562
08-22-2005,6.38028865251882,5.8947108813314
08-23-2005,4.59533434126295,5.68299218515163
08-24-2005,4.83661356194712,4.53467903341058
08-25-2005,3.54651940286726,3.57450855173857
08-26-2005,4.27559970044645,3.80876211497995
08-27-2005,4.81097549161916,3.5810931965461
08-28-2005,5.11575320785375,4.36818455875619
08-29-2005,5.35977221165805,4.78058928433278
08-30-2005,4.32514551820144,4.13548868042004
08-31-2005,4.25497863960411,3.94409085956931
09-01-2005,5.04249595351951,4.97366246610796
09-02-2005,5.21295111391159,5.06292098986599
09-03-2005,5.36086147458869,5.11103402094664
09-04-2005,5.14811851101732,5.13120728738593
09-05-2005,4.75213452870805,4.88682219431239
09-06-2005,4.77021380638517,4.8223467290934
09-07-2005,4.38318865130831,4.41065546384211
09-08-2005,4.47045653650975,4.6909794677208
09-09-2005,4.82205066302295,4.62711690569665
09-10-2005,4.76046387431264,4.71567136156819
09-11-2005,4.78523815642037,4.64957027778113
09-12-2005,4.74862077941625,4.69357340524213
09-13-2005,4.553717066148,4.58815823416977
09-14-2005,4.69100444701086,4.64453141932894
09-15-2005,4.90548403109645,4.62163988939098
09-16-2005,4.83067752458458,4.68332019512448
09-17-2005,5.06430604968829,4.6600181238588
09-18-2005,4.90924718608863,4.65435396726641
09-19-2005,4.51315006635518,4.35352535594738
09-20-2005,4.50496878002816,4.35405144604925
09-21-2005,4.73643517219181,4.44363167259801
09-22-2005,4.5170257855864,4.44362120025144
09-23-2005,4.54946735756413,4.30692130420514
09-24-2005,4.55772442396458,4.29535207783137
09-25-2005,4.46753561482437,4.20173480427871
09-26-2005,4.38014842516303,4.03717170554627
09-27-2005,3.53739760590434,3.04858560276601
09-28-2005,3.84129711504033,3.67513347353601
09-29-2005,3.80034969411495,3.68333267336582
09-30-2005,3.88915988349901,3.61791127083672
10-01-2005,3.11956610577987,3.10659891918827
10-02-2005,3.11536931377785,3.40330691962718
10-03-2005,3.43719822288884,3.51216878520439
10-04-2005,3.26225694494529,3.42715178067503
10-05-2005,2.99988107880929,3.36700951429181
10-06-2005,2.94533984599934,3.47038337656618
10-07-2005,2.14310580215261,2.37923864633073
10-08-2005,0.0363568105578378,1.10808899611601
10-09-2005,2.97208907241559,1.88493296798418
10-10-2005,2.9624171133393,1.34924807539374
10-11-2005,1.74347970698231,0.862165093582402
10-12-2005,1.46982093077755,2.09746911673466
10-13-2005,1.87817563288822,2.20356418834923
10-14-2005,1.96012599083024,2.9105035702865
10-15-2005,2.90210881459615,2.47347804105005
10-16-2005,2.76815838794774,2.43746673761452
10-17-2005,2.39800358839085,1.94110602778069
10-18-2005,2.33723634588636,2.16022536314963
10-19-2005,2.56143884648344,2.32915916648621
10-20-2005,2.87591008583382,2.63844370401757
10-21-2005,3.00387639137615,2.68557625581178
10-22-2005,2.79064183199014,2.6114651969367
10-23-2005,2.66560256791137,2.43676124214283
10-24-2005,2.03806443866368,1.91216574010244
10-25-2005,1.88941719708739,1.66545571168947
10-26-2005,1.53378903563591,0.917613642692933
10-27-2005,1.64698030738614,1.42982756428054
10-28-2005,1.61647001055055,1.53280836779616
10-29-2005,1.65400114684158,1.6113584000694
10-30-2005,1.65256396489497,1.46306021917422
10-31-2005,1.68141369757302,1.44973007221994
11-01-2005,1.79790231098022,1.53218063790319
11-02-2005,1.77495714034662,1.61335742479764
11-03-2005,1.78989480573845,1.71510659101217
11-04-2005,1.52767416617833,1.41179793910293
11-05-2005,1.78698209036467,1.54941994345376
11-06-2005,1.98314722279822,1.88177107261581
11-07-2005,1.83553060211502,1.97968334263407
11-08-2005,1.93491128833607,1.67179622848487
11-09-2005,1.79718513837185,1.51155450052824
11-10-2005,2.08647380489361,1.7355251355256
11-11-2005,1.38366494831074,1.23275540593208
11-12-2005,1.06503317001407,0.950973609154031
11-13-2005,1.14215409091772,1.01278845945796
11-14-2005,1.35240994161281,1.29108508547321
11-15-2005,1.40460894237762,1.49669113294077
11-16-2005,1.66822049116522,1.74948708925082
11-17-2005,1.99075301612244,1.75574456739363
11-18-2005,0.910813353336629,0.732325221707396
11-19-2005,0.766446391182214,0.707948117671797
11-20-2005,0.768967777685525,0.739140204031545
11-21-2005,0.823006285648999,0.810404729204816
11-22-2005,0.946801128656844,1.03719779103217
11-23-2005,0.950000685512688,0.839414368684769
11-24-2005,0.708896050828408,0.386788840307697
11-25-2005,0.910405722585717,0.84678596876032
11-26-2005,0.601128667833465,0.601326530410667
11-27-2005,0.821606687503034,0.741364361300872
11-28-2005,0.838647956124924,0.813944555940837
11-29-2005,0.480875866896873,0.929222453288742
11-30-2005,1.42871685097764,1.38012681540757
12-01-2005,0.803814226323773,0.675974578442727
12-02-2005,0.78544343669266,0.71080261041124
12-03-2005,0.662471558497045,0.575549366584439
12-04-2005,0.655060517271215,0.595204127559677
12-05-2005,1.08016160569769,1.02757678381309
12-06-2005,1.10151387953176,0.892903950000446
12-07-2005,0.715878500982699,0.637914149401568
12-08-2005,0.625395782869615,0.575351761349188
12-09-2005,0.66877426158913,0.62220196412754
12-10-2005,0.670581490710009,0.598108827979981
12-11-2005,0.620310965872175,0.582631248355738
12-12-2005,0.70087132483706,0.644414546898819
12-13-2005,0.665443744707475,0.623629117841203
12-14-2005,0.613216654028181,0.569378543752946
12-15-2005,0.519199881073204,0.504638288954451
12-16-2005,0.108758020650049,0.2213882668938
12-17-2005,0.673464197024015,0.621453661601903
12-18-2005,0.664711607917127,0.593427061871402
12-19-2005,0.629745961436313,0.604002129795802
12-20-2005,0.643377047516078,0.553041640826579
12-21-2005,0.540728127064594,0.512811180155424
12-22-2005,0.507635414572745,0.466002420622923
12-23-2005,0.49457480014082,0.454445782455223
12-24-2005,0.49670524479248,0.450850217802322
12-25-2005,0.574542333984126,0.475014120873098
12-26-2005,0.915583571612686,0.698478650354492
12-27-2005,0.751096647300442,0.663057552946368
12-28-2005,0.616731530993085,0.583141583044796
12-29-2005,0.894527154321445,0.814384029678017
12-30-2005,0.906802087399412,0.792158879067788
12-31-2005,0.77673230781713,0.685430651930454
01-01-2006,0.864293980616144,0.715350163249073
01-02-2006,0.659046010418108,0.565062466957771
01-03-2006,0.964239114118065,0.939007364538838
01-04-2006,0.985405525199526,0.778937792275375
01-05-2006,0.86892502204039,0.812449347689183
01-06-2006,0.932415307871075,0.827784200401013
01-07-2006,0.702344256858888,0.626073176327147
01-08-2006,0.634991113417171,0.588470866656128
01-09-2006,0.687215277079486,0.621733484145099
01-10-2006,1.01798595303972,0.957354158075427
01-11-2006,1.19806917856908,1.04350925130577
01-12-2006,1.25057589944972,1.15768454100862
01-13-2006,1.17576304844691,0.832417143815529
01-14-2006,1.25869611026553,1.08877917656643
01-15-2006,0.776559527109185,0.721525055192155
01-16-2006,0.687284091868761,0.637375221801194
01-17-2006,0.800436969867477,0.753642747849476
01-18-2006,1.23851002830986,0.996291423123065
01-19-2006,0.975328653748229,0.926041892942548
01-20-2006,0.841115666204837,0.78483087486804
01-21-2006,0.986755383813749,0.959575337552976
01-22-2006,1.34440987203522,1.37504974850502
01-23-2006,1.23965060344084,1.00219496604039
01-24-2006,1.04758113884794,1.13318427334356
01-25-2006,1.35684669044833,1.2072936177013
01-26-2006,0.884570604952497,0.843016176859967
01-27-2006,0.923336549255476,0.816793697702741
01-28-2006,0.940074627692796,0.903185636757778
01-29-2006,1.02260458186611,0.94471661342782
01-30-2006,1.63724303639756,1.33290172182233
01-31-2006,1.628822075898,1.29237736161313
02-01-2006,1.26961092304998,1.15376637055574
02-02-2006,1.14357783336567,1.07085510345151
02-03-2006,1.06615494872248,1.17624027993563
02-04-2006,1.63963746210774,1.62342351374642
02-05-2006,1.63848701648287,1.48917784856142
02-06-2006,1.06838717478724,0.66266673009723
02-07-2006,0.86604694294507,0.837658950525329
02-08-2006,1.23469676822115,0.90999356199272
02-09-2006,1.10835323782862,0.904049400832157
02-10-2006,1.29491908820334,1.01031645353884
02-11-2006,1.2320768444412,1.15772816599225
02-12-2006,1.51746968347854,1.41561581683396
02-13-2006,1.11273082056072,0.916646445759458
02-14-2006,1.01595714377122,0.799686559109972
02-15-2006,1.34381555188387,1.31619625941111
02-16-2006,1.55680719506681,1.58962004582333
02-17-2006,1.83862410543437,1.7625194279248
02-18-2006,2.27700059112639,1.73766455334787
02-19-2006,1.84815679804596,1.55575232729669
02-20-2006,0.831098850587024,0.458870230743952
02-21-2006,1.07890326053681,1.16805022381488
02-22-2006,1.71485731776479,1.41599491882678
02-23-2006,1.83215027799131,1.69247088751493
02-24-2006,2.16286417716336,1.86852070036536
02-25-2006,1.85755116178528,1.5997439442222
02-26-2006,1.99055741827312,1.82290496478298
02-27-2006,1.71705129129834,1.68298816824102
02-28-2006,1.44175739871688,1.5314218945333
03-01-2006,2.00110304975942,2.10901261995584
03-02-2006,2.45779341880786,2.4911200324348
03-03-2006,2.91522243755547,2.86678528160103
03-04-2006,2.31660048284729,2.08794186917261
03-05-2006,2.00869396781902,1.75988490871347
03-06-2006,1.96983102960769,1.9825952481648
03-07-2006,2.45760810933573,2.49038460066481
03-08-2006,2.20827863848893,2.01931571073385
03-09-2006,2.4232512409526,2.08743798448186
03-10-2006,2.08596116154547,1.82756551167656
03-11-2006,2.56213518932947,3.07271282638078
03-12-2006,2.93750909353016,2.92816665311858
03-13-2006,3.47761572367826,3.47644707414795
03-14-2006,3.62071195419208,3.60049613590065
03-15-2006,3.019598744551,2.74245194870557
03-16-2006,2.56636906720256,2.35161851115499
03-17-2006,2.79351323224416,2.48197237647539
03-18-2006,3.19406810225728,2.76736823039823
03-19-2006,2.53979883052753,2.07416153672606
03-20-2006,2.46271825532465,2.09032136066519
03-21-2006,1.86405690234812,2.05504622748138
03-22-2006,1.42550199688863,1.7516037319338
03-23-2006,2.45097856082271,2.04113804382603
03-24-2006,2.26092225931028,2.47238305848051
03-25-2006,2.22363812565949,2.50450438764423
03-26-2006,2.50173692453205,0.830624224823451
03-27-2006,2.67878191932034,2.01469221371082
03-28-2006,2.94636406754957,2.55708659962543
03-29-2006,3.06340610600857,3.00359867695138
03-30-2006,3.652825619885,3.47210333615641
03-31-2006,3.58559690650335,3.42886617404827
04-01-2006,3.03163527487633,3.26678881547541
04-02-2006,4.42781883014867,4.29420931079856
04-03-2006,4.32624340699963,4.08578556523417
04-04-2006,4.88958565804447,4.48840622939781
04-05-2006,3.67098326911688,2.72344909099063
04-06-2006,3.59025312691812,3.21425005253521
04-07-2006,3.42684479446886,3.01716691557337
04-08-2006,3.98778654087516,3.79366533348294
04-09-2006,4.8023461111816,4.52648216043738
04-10-2006,3.76017579220346,3.44487190104957
04-11-2006,3.85505249391358,3.77147910162973
04-12-2006,4.22138641078932,4.10976166281485
04-13-2006,4.43637944677183,4.20866411672252
04-14-2006,4.86269491259673,4.63037951769024
04-15-2006,5.07339670272602,4.85838379524327
04-16-2006,5.29409595977328,5.13826853531122
04-17-2006,5.0082613944866,5.12165985176065
04-18-2006,5.57218552897012,5.22804790278101
04-19-2006,4.83709927999318,4.74259906113658
04-20-2006,3.52535845583578,4.22318979074565
04-21-2006,4.92265189551264,4.39810997898495
04-22-2006,4.76019664675668,4.266416710968
04-23-2006,4.37217413819264,4.05236452611056
04-24-2006,5.21224644844037,4.82557261785346
04-25-2006,5.3707272765471,5.25760762757575
04-26-2006,5.45654049663042,5.28687786781065
04-27-2006,5.39670230490869,4.90030639725586
04-28-2006,3.99801582695929,3.64497298605742
04-29-2006,4.76628534865048,4.58520528338148
04-30-2006,4.45427806106975,4.51426534023997
05-01-2006,2.1245068530157,1.88801415884726
05-02-2006,4.41529568035948,4.51186138436209
05-03-2006,5.0745049978086,5.01100065877595
05-04-2006,5.9868364000736,5.60299893269845
05-05-2006,5.63731243567831,5.39262196076761
05-06-2006,6.02137699148272,5.6705446904836
05-07-2006,5.50294608544152,4.44651981369663
05-08-2006,4.67754598909079,4.53863288109252
05-09-2006,3.16630708972212,2.42873724873857
05-10-2006,1.76097206742781,2.6220331012448
05-11-2006,1.07117722721391,1.68868142241458
05-12-2006,5.39448391077514,5.24787968507632
05-13-2006,5.08716775717066,4.89134355436238
05-14-2006,5.12264037110994,4.93390095282378
05-15-2006,5.69402356424285,5.45179196939357
05-16-2006,5.29715229476273,4.82184565633065
05-17-2006,5.16698777548471,4.52733927580043
05-18-2006,5.51831663328797,4.76265531622935
05-19-2006,5.75591852830636,5.14665092179763
05-20-2006,5.26788586764694,4.91034525571555
05-21-2006,5.61062710577344,5.20635549483019
05-22-2006,5.54072161517498,5.34165620036052
05-23-2006,4.64758353233589,4.13345512974658
05-24-2006,5.43161691092675,5.63105107816279
05-25-2006,5.83641078666379,5.74482813188935
05-26-2006,6.46852735851657,6.10529972230468
05-27-2006,6.69106620767377,6.58742396337062
05-28-2006,6.80582048343145,6.2217858165853
05-29-2006,6.61824417960984,6.40947673473748
05-30-2006,6.70229118740436,6.71509242324503
05-31-2006,6.96017832937213,6.7637958823505
06-01-2006,6.5284111763526,6.43365011176811
06-02-2006,6.68513307328599,5.61215175734262
06-03-2006,6.64365027900814,6.19358521886859
06-04-2006,5.4709355753604,6.13418671703628
06-05-2006,6.14391056335473,5.74597761677682
06-06-2006,6.00835614277466,5.66126726679112
06-07-2006,6.08429725053995,5.79067133928014
06-08-2006,6.42170609873296,6.09719263014079
06-09-2006,6.73283101170176,6.47024144467289
06-10-2006,6.63048569083822,6.19548362566135
06-11-2006,7.04585100969804,6.71980541933677
06-12-2006,7.42907806478407,6.92446904646289
06-13-2006,7.25569368641119,6.56259226884615
06-14-2006,6.60129206675223,3.98321090261493
06-15-2006,6.32193554674898,5.61307840382502
06-16-2006,6.24242103448348,6.26693332106191
06-17-2006,6.02079661466464,6.41265472940166
06-18-2006,6.226396555275,6.64075032744007
06-19-2006,6.10833699632604,6.41744290174534
06-20-2006,6.44945938437837,6.36245160284024
06-21-2006,7.13566611365597,6.93508575773223
06-22-2006,7.12423975596335,6.82941147837177
06-23-2006,7.39000761063816,6.93933938198353
06-24-2006,7.43866686294112,6.90220819036994
06-25-2006,5.32820649107788,5.6478012481791
06-26-2006,6.22169942997372,5.41565904039804
06-27-2006,5.75718520086641,3.92697953220143
06-28-2006,6.2339500140969,5.7549523337725
06-29-2006,6.48894474930949,6.46887378933019
06-30-2006,6.64624748697096,6.41573780647979
07-01-2006,6.50831269518422,6.44035964844764
07-02-2006,6.64339954943758,6.67956828965317
07-03-2006,7.42465374739056,7.06541664029499
07-04-2006,7.53697246163691,7.01870924053441
07-05-2006,7.09995882100539,6.98277642440281
07-06-2006,6.83978802481354,6.56144810709543
07-07-2006,6.53252076567109,5.31656473373506
07-08-2006,5.20144642802045,5.7563190530742
07-09-2006,5.34203636887756,5.70070430686699
07-10-2006,5.91560010177954,5.79060004370863
07-11-2006,6.83858100723519,6.72530350888512
07-12-2006,6.50396604701989,6.35787359950073
07-13-2006,6.6788538870608,6.3723862789712
07-14-2006,6.83137067541243,6.54967250826481
07-15-2006,6.83097485642565,6.43392846760333
07-16-2006,7.16879681245442,5.37881059679558
07-17-2006,7.10059608236511,6.88410105276541
07-18-2006,6.75929113264498,6.73042487245587
07-19-2006,7.0780643747803,6.97880249129441
07-20-2006,7.22644921296169,6.71369208078005
07-21-2006,7.09673743992925,6.17833214335331
07-22-2006,6.9332911827832,6.09073927544096
07-23-2006,7.05117796677574,6.54823535398691
07-24-2006,4.81840275966992,6.18436030948155
07-25-2006,4.01878292038246,5.70355956114069
07-26-2006,5.20823843914442,1.31108204252122
07-27-2006,6.51479275221998,6.12893640234574
07-28-2006,6.49490421503728,6.10939288554058
07-29-2006,6.71025963652554,6.08931440804248
07-30-2006,6.63324382838443,5.17115340108245
07-31-2006,6.54789681854454,5.58926622424294
08-01-2006,6.67421136019435,4.60755398554625
08-02-2006,6.85441508564552,6.2421032225827
08-03-2006,6.92217918091798,6.04949964604648
08-04-2006,6.90258721849897,5.66115269195132
08-05-2006,7.00870636189147,6.6647539663875
08-06-2006,6.89856511741491,6.479164849461
08-07-2006,5.23570391374541,5.75409801983239
08-08-2006,6.78707355013178,6.36091695335703
08-09-2006,6.76434212015667,6.55861487442203
08-10-2006,6.6337951118308,6.4586739527537
08-11-2006,6.53675324166769,6.57437254618122
08-12-2006,4.7878320621266,6.213620561212
08-13-2006,5.4797579341296,5.54834869322178
08-14-2006,4.50430702984684,4.75228784014702
08-15-2006,5.26880160894667,5.75218206786469
08-16-2006,5.70152909376203,5.56333426086241
08-17-2006,5.03082544733117,4.94180369636877
08-18-2006,4.92047364481975,5.29530582390748
08-19-2006,5.01548598042843,5.5804016682453
08-20-2006,5.72903420990003,5.94799134820764
08-21-2006,6.30521446592536,5.65435859763098
08-22-2006,6.07197311273998,4.61050475471564
08-23-2006,5.61174208866015,5.09362882399818
08-24-2006,3.68775610844927,4.78943178635109
08-25-2006,4.86338324424378,4.26823262290408
08-26-2006,5.27897682922158,5.10789101139764
08-27-2006,5.50648912683231,5.34736592896699
08-28-2006,5.51051543647046,5.41768868107065
08-29-2006,4.92958472058874,5.57544355370088
08-30-2006,5.49869013831498,5.8998007346872
08-31-2006,4.46970532635684,5.31439507058803
09-01-2006,4.63059611324943,4.36689477802526
09-02-2006,3.34282327928944,2.82232886522139
09-03-2006,3.30254830283163,2.847939068607
09-04-2006,4.06646612817263,3.85550970030348
09-05-2006,3.94207672758971,3.87192234237916
09-06-2006,3.85653853317828,1.80916982142593
09-07-2006,4.08001973570395,3.69964914040414
09-08-2006,4.16873633166682,3.56585326255547
09-09-2006,4.28291128997745,3.88701978886195
09-10-2006,4.28790098491022,4.50740289455224
09-11-2006,4.6260761154515,4.51333126498621
09-12-2006,4.50892060891665,3.32626830251667
09-13-2006,3.63250555134272,2.90191211594144
09-14-2006,2.97630096456816,1.02741403704377
09-15-2006,4.18246656469058,3.431017479801
09-16-2006,4.0141538178565,3.96927462390064
09-17-2006,4.4031713443828,4.13766370481923
09-18-2006,4.35776635256781,4.10543491781263
09-19-2006,4.29686412757453,4.32175492524294
09-20-2006,4.93019112019617,4.54043730606411
09-21-2006,3.94021522967685,3.58351210921838
09-22-2006,3.54014268435077,3.30152508774516
09-23-2006,4.01887544180423,2.214294240666
09-24-2006,4.26308899372886,3.45144631226432
09-25-2006,4.32577538563624,3.96414831111646
09-26-2006,3.85336836548413,2.79415725339764
09-27-2006,3.38861074147819,2.3264023607725
09-28-2006,3.30717172160329,3.38168185940539
09-29-2006,3.75091823281278,3.41614716678801
09-30-2006,3.15188319936049,2.50139285006387
10-01-2006,3.15247390606858,2.98504805197074
10-02-2006,3.65282726231377,3.46742495727078
10-03-2006,3.37733524091808,3.2546057274498
10-04-2006,3.44328544313564,3.36408961854526
10-05-2006,3.48277746510838,3.34183186921383
10-06-2006,3.52802749116507,3.43328911475329
10-07-2006,3.56485094758714,3.34801995930747
10-08-2006,2.8165783728885,2.25974707143098
10-09-2006,2.11539894393262,1.8087738824724
10-10-2006,2.77702039621173,2.9878911405532
10-11-2006,3.0098187663296,2.89250310132133
10-12-2006,3.12800169314345,2.95234030296463
10-13-2006,2.81001352872837,2.6372804599303
10-14-2006,2.30736037867689,1.80763800835918
10-15-2006,2.05759704470308,1.89277234144385
10-16-2006,2.07741311118618,1.95951376274341
10-17-2006,2.24758054856565,2.16447498793203
10-18-2006,1.3886571305574,0.597373191880565
10-19-2006,2.828107543804,2.31525254100346
10-20-2006,2.68444010050602,1.98312235766439
10-21-2006,2.56276809457944,2.40023986402127
10-22-2006,2.03990425511656,1.88972148516983
10-23-2006,2.29463727720454,2.12249123412457
10-24-2006,1.78815836562712,1.51962002066597
10-25-2006,1.45655334987168,1.1056090747385
10-26-2006,1.49062819009013,1.27891187048642
10-27-2006,1.81394245147965,1.44786891663364
10-28-2006,1.52067916216105,1.26828421004668
10-29-2006,1.994330612098,1.39644187283161
10-30-2006,1.71229289526914,1.56783937669474
10-31-2006,1.92120276559952,1.66035111190435
11-01-2006,1.85944774010149,1.78633105997401
11-02-2006,1.95621732102305,1.82465073731392
11-03-2006,1.74303770687525,1.588799061335
11-04-2006,1.12535851532711,1.03048362343877
11-05-2006,1.08333832922226,1.06436046261992
11-06-2006,1.08477083215059,1.10645814095967
11-07-2006,1.1287297680794,1.03765715112495
11-08-2006,1.17747248520148,0.183417366320741
11-09-2006,1.57133449999487,1.15587725472161
11-10-2006,1.56287069912206,1.51872978820209
11-11-2006,1.5992379834231,1.42397690268089
11-12-2006,1.85184854561718,1.59944547293351
11-13-2006,1.2270519113823,0.912014122074521
11-14-2006,1.13278193265872,1.07578491247998
11-15-2006,1.26793926529186,1.13550548727824
11-16-2006,1.40443094315918,1.19815814790231
11-17-2006,1.33204153865588,1.08704886061139
11-18-2006,1.08522905795213,0.932308918425811
11-19-2006,0.996265084250042,0.954713732893089
11-20-2006,0.9986961889829,0.927959456923682
11-21-2006,0.906186149759872,0.774921271440926
11-22-2006,0.796481017893926,0.43892626672212
11-23-2006,1.16243135805818,0.812953564336049
11-24-2006,1.12829506699188,0.857727142405667
11-25-2006,0.98863533100195,0.877073842384744
11-26-2006,0.867474416795942,0.818317348623154
11-27-2006,0.855177451801493,0.819308264720184
11-28-2006,0.903607550175548,0.805607724570455
11-29-2006,1.02253936330725,1.01665061774477
11-30-2006,1.21399124986652,0.94825953169623
12-01-2006,1.40140690332837,0.896770194655249
12-02-2006,1.51470739852577,1.38640134293156
12-03-2006,0.604321025369013,0.645709232446427
12-04-2006,0.725052287770076,0.73019848244744
12-05-2006,0.643207984818355,0.534640410301942
12-06-2006,0.551483912078866,0.520171591739485
12-07-2006,0.615466407592938,0.58489102662101
12-08-2006,0.687075877409326,0.63911416396745
12-09-2006,0.478300686879411,0.362581650234425
12-10-2006,0.523118558464107,0.42949217177156
12-11-2006,0.500865303254027,0.457327992465631
12-12-2006,0.416792880720495,0.523165749185499
12-13-2006,0.531947162247794,0.520724311020934
12-14-2006,0.762852564701457,0.824320195480711
12-15-2006,0.935293143605553,0.689373670365323
12-16-2006,0.977899009512095,0.714545773806919
12-17-2006,0.777178692339985,0.662533129119045
12-18-2006,0.80555210965646,0.647670013380911
12-19-2006,0.879609542739652,0.691041201869773
12-20-2006,0.873459441916109,0.772137755865278
12-21-2006,0.600045782644874,0.735059980975449
12-22-2006,0.198245733347818,0.72230943777348
12-23-2006,0.898397706323516,0.834301059092689
12-24-2006,1.29112470607249,0.90442811185101
12-25-2006,0.762908872368425,0.692694380724528
12-26-2006,0.692566320050192,0.756578028037653
12-27-2006,0.775225626154601,0.745367215912966
12-28-2006,0.65310082635749,0.612649664179108
12-29-2006,0.675031495968594,0.599509445748625
12-30-2006,0.779767597713841,0.602522771336755
12-31-2006,0.958383602635068,0.768973993744418
01-01-2007,0.698979580738651,0.346846222930648
01-02-2007,1.22236186811068,1.11678252309692
01-03-2007,0.672075194212199,0.582286621525703
01-04-2007,0.776555895187931,0.701524997083958
01-05-2007,0.969607757843132,0.991144254993003
01-06-2007,1.33106488388442,0.988719336848241
01-07-2007,1.20833551993994,1.10730119477906
01-08-2007,1.11445231187069,0.955690522560587
01-09-2007,0.980108780361632,0.909520552738423
01-10-2007,0.597721161113708,0.612353064120722
01-11-2007,0.607997228133272,0.608648909540946
01-12-2007,0.62237669148828,0.593694075390566
01-13-2007,0.886378258763532,0.801831319601448
01-14-2007,1.26416067878809,1.17876662545402
01-15-2007,1.33226073243367,1.0724907543351
01-16-2007,1.53788475520421,1.26129239188266
01-17-2007,1.39750413574019,1.05944971420041
01-18-2007,0.526067607406162,0.592362513961281
01-19-2007,0.453038355473086,0.511316857357501
01-20-2007,0.972220269075769,0.804196460657584
01-21-2007,0.734888755928707,0.685911812431397
01-22-2007,0.837798586829006,0.696662638218317
01-23-2007,0.800053076569893,0.783787296238303
01-24-2007,0.907309547826261,0.698681968367208
01-25-2007,0.943458463026054,0.781895603708971
01-26-2007,0.987176591113366,0.835419666201237
01-27-2007,0.855604094803352,0.821226380716311
01-28-2007,1.01277480400244,0.916985802536083
01-29-2007,1.17983160268969,1.02911749621026
01-30-2007,0.772693195409684,0.708791540319977
01-31-2007,0.97702786311332,0.914539231693688
02-01-2007,0.867545691847336,0.808373325628025
02-02-2007,0.613463132772096,0.768210880587411
02-03-2007,1.08226683995982,1.0368706041766
02-04-2007,0.900825784412874,0.894340801468178
02-05-2007,1.04031114168197,0.887176558591317
02-06-2007,0.982961974376771,0.803524384273784
02-07-2007,0.800762185264468,0.732424641079185
02-08-2007,1.35691254485541,1.2378848645464
02-09-2007,1.22736208697176,1.05149457667051
02-10-2007,1.17087938759724,0.938202511227656
02-11-2007,1.1044179625311,0.908645398328964
02-12-2007,1.15978158351689,1.11870229227195
02-13-2007,1.48634395818477,1.38716657728946
02-14-2007,1.80815095982303,1.74358656606553
02-15-2007,1.57882865337154,1.49833352796594
02-16-2007,1.13911716449935,0.999746238882845
02-17-2007,1.07042634862711,0.929752238914888
02-18-2007,1.06526027866135,1.17584065914799
02-19-2007,1.48036631278972,1.28230038658101
02-20-2007,1.50704556358375,1.41466872925648
02-21-2007,1.51691387573713,1.66211939441333
02-22-2007,1.7186185223612,1.95212381701515
02-23-2007,2.25604366396045,2.02085349987932
02-24-2007,1.54065240456093,1.57429819352609
02-25-2007,1.72917728816113,1.58419282415682
02-26-2007,2.09477058252186,1.39079455234285
02-27-2007,2.089347867769,1.98610567065322
02-28-2007,2.08762417114754,1.94119545494904
03-01-2007,2.19244400563358,2.06869946031628
03-02-2007,2.23090600697119,2.24780477218849
03-03-2007,2.40713018784295,2.07236890149558
03-04-2007,2.14971602051246,2.04041772219695
03-05-2007,2.04162457004668,1.61698256470469
03-06-2007,2.01950372669742,1.69699633660033
03-07-2007,2.23224587441513,1.97307487090704
03-08-2007,2.39889561004076,2.34605330569628
03-09-2007,2.57368103334595,2.51550749371487
03-10-2007,2.46804444529775,2.48144586446243
03-11-2007,2.74497257053856,2.56504146300809
03-12-2007,3.16606109933776,3.00970470959271
03-13-2007,2.34704211115563,2.62363778554036
03-14-2007,3.02108364771085,2.87166572229493
03-15-2007,2.99268922285725,3.2454078963628
03-16-2007,3.50194549401911,3.4397014504999
03-17-2007,3.51428836507968,3.34776006657732
03-18-2007,2.04307592285385,1.21446886900399
03-19-2007,2.0866127435198,1.88650225221369
03-20-2007,2.77597608260271,2.59488613726876
03-21-2007,3.62396389315875,3.35736485156439
03-22-2007,3.81447424895744,3.31871041363862
03-23-2007,3.36622714704698,3.41940080404244
03-24-2007,3.94537493812829,3.75934268975169
03-25-2007,3.96865944773544,3.90196327301163
03-26-2007,4.29741484687879,4.11728646483527
03-27-2007,4.06679373071954,4.17830939381017
03-28-2007,4.03403514190184,4.11744281503711
03-29-2007,4.48305022644994,4.27646604547028
03-30-2007,4.09170340985745,2.9078236241409
03-31-2007,2.4133376191289,2.65558882377332
04-01-2007,3.30221217110674,3.78755186637643
04-02-2007,3.13318530395108,3.93427429037729
04-03-2007,4.16457374374079,4.24294937944538
04-04-2007,4.41377771166836,4.21621140434478
04-05-2007,4.66300088584384,4.39463623231157
04-06-2007,3.40334666749222,2.56009425123844
04-07-2007,3.2036016310838,2.61405415885244
04-08-2007,2.86795828180944,2.48227558381627
04-09-2007,2.86588422692828,2.53621719040673
04-10-2007,3.26567938456395,2.94453511811727
04-11-2007,3.10502338923951,2.67623759471408
04-12-2007,1.16585294284325,1.24050222889598
04-13-2007,4.07219130662768,3.88675322110188
04-14-2007,4.04502247970087,3.60623342597588
04-15-2007,4.29732068275352,4.00555147542155
04-16-2007,3.95578201152232,3.39460730662385
04-17-2007,3.50905249519746,2.64973744145406
04-18-2007,4.09036338691367,3.40071842071528
04-19-2007,4.14938549729339,3.64235746750123
04-20-2007,4.3796291388867,3.91316379669049
04-21-2007,4.25349206860434,3.88441365269429
04-22-2007,4.53147907018206,4.50410233464202
04-23-2007,4.83803296764949,4.68019130597105
04-24-2007,4.8088711821646,4.81350482072209
04-25-2007,4.30433647428908,5.18442621628989
04-26-2007,5.06144844115863,5.24198071209962
04-27-2007,5.15280602736554,5.2164075381651
04-28-2007,4.66595201702939,4.29342794586339
04-29-2007,4.59049913149608,4.37549066030575
04-30-2007,5.10932476481479,4.83633798830333
05-01-2007,5.32053131548608,5.1959741958679
05-02-2007,5.58705972796425,5.49268524379982
05-03-2007,5.75786989966123,5.54954229072103
05-04-2007,6.17670179735887,5.92541083760157
05-05-2007,1.51056393555774,0.96926038669855
05-06-2007,0.85108585101113,1.64893524601542
05-07-2007,5.28956383612673,5.43453597265725
05-08-2007,4.702008459324,4.77874007499605
05-09-2007,5.13709589592646,5.18755665529269
05-10-2007,5.14578823742255,5.51271692721817
05-11-2007,5.39865154491566,5.74083985718416
05-12-2007,5.8186936959692,5.81587964178927
05-13-2007,5.90814291429283,5.59189272436078
05-14-2007,5.48249007016181,5.59541769669056
05-15-2007,5.43442247493997,5.5536564093732
05-16-2007,5.71769305616488,5.64313921509241
05-17-2007,6.1044738052417,5.96175915219336
05-18-2007,4.72355456508077,4.37245697428855
05-19-2007,5.27213062472261,4.50142004109298
05-20-2007,5.13808447125476,4.75622430628665
05-21-2007,5.67810577663193,5.33822704440088
05-22-2007,5.8973070125918,5.46754264174281
05-23-2007,6.16474012025115,5.92822549330966
05-24-2007,6.36549767126165,6.14030145105652
05-25-2007,5.71116090566971,5.97277465050439
05-26-2007,6.03102181383208,5.82497606427266
05-27-2007,6.35192884681205,6.12961678507713
05-28-2007,6.39427314961004,6.15583772903944
05-29-2007,6.21288837268189,6.36818230357153
05-30-2007,6.38377396163412,6.31742439101091
05-31-2007,6.40611872562944,6.2489020281649
06-01-2007,6.66348725767965,6.29203214968935
06-02-2007,6.65891433264252,6.28878279544068
06-03-2007,6.05176666916036,6.09052584097024
06-04-2007,5.02052074728463,4.60562393906175
06-05-2007,6.55451876419021,6.22085801376542
06-06-2007,6.53140777837537,6.30872098813211
06-07-2007,6.63016276061163,6.30299829502706
06-08-2007,6.91926280011524,6.54185261888655
06-09-2007,7.25850858349885,6.88046852717517
06-10-2007,6.88667863160471,6.6790802067433
06-11-2007,6.37210273620097,6.35353125253367
06-12-2007,6.34133514280501,6.52982106417057
06-13-2007,5.7992740355899,5.53691574087165
06-14-2007,6.03358184107924,5.50854484036701
06-15-2007,6.11776364672112,4.89251273530946
06-16-2007,5.73613171236924,5.20171170016867
06-17-2007,5.38881710250972,5.9285889934508
06-18-2007,6.80510684464373,6.64105360553138
06-19-2007,7.07453193537899,6.79764370928832
06-20-2007,7.2168103496576,6.93647431165606
06-21-2007,6.87869609593901,6.68810761914782
06-22-2007,6.53112537456408,6.34366900678929
06-23-2007,6.73976710030605,6.3337127993674
06-24-2007,6.87812632133286,6.71029399555176
06-25-2007,6.72299444629673,6.7142109189919
06-26-2007,6.75340531927634,5.75989709872067
06-27-2007,6.58509202297079,6.01905179671622
06-28-2007,6.70514072513637,6.53716246312365
06-29-2007,6.77197171201154,6.44915663223346
06-30-2007,6.87525002782606,6.30962366983398
07-01-2007,6.89461032255629,5.72143096258841
07-02-2007,7.14894623248305,5.40260408274802
07-03-2007,6.09937455386638,5.7966085157262
07-04-2007,4.68365140980204,5.34216880922414
07-05-2007,5.84570794221491,6.53851825993902
07-06-2007,6.67606708516192,6.80906342026037
07-07-2007,6.96127429252201,6.86379550097261
07-08-2007,6.75690339580002,6.46938712323863
07-09-2007,5.38317346359702,6.75157523704765
07-10-2007,6.4226526013333,6.84039909025768
07-11-2007,6.99885760408414,6.84339503105642
07-12-2007,6.98338209549549,5.21708677943616
07-13-2007,6.67141759115744,6.08828022815122
07-14-2007,6.36366030354453,6.04703008961146
07-15-2007,5.50533282791399,6.02905267621314
07-16-2007,5.43996240548344,6.04715580976898
07-17-2007,6.71496915194896,6.61760209446896
07-18-2007,6.84232226458806,6.54268212388183
07-19-2007,6.29440478673631,6.18391401816861
07-20-2007,7.01021573726594,6.47355223742263
07-21-2007,7.01978439168286,6.86590712015274
07-22-2007,5.93085268999461,5.96912554532692
07-23-2007,5.16368284185557,6.00653106197463
07-24-2007,5.82494882199681,5.6274104890388
07-25-2007,6.26097291347181,5.30473566204443
07-26-2007,6.40815713056863,5.48541920002967
07-27-2007,6.48645928783176,5.67248390512754
07-28-2007,6.74171013863419,5.55947450317433
07-29-2007,6.43324238734944,4.94221269209394
07-30-2007,2.97219376271069,2.80270072751806
07-31-2007,5.56618750184014,3.80645489375185
08-01-2007,5.89645881203302,5.60208976480464
08-02-2007,6.06001249592178,6.04132770053811
08-03-2007,6.57055545438546,6.04494299349698
08-04-2007,6.45534112207571,6.05133960882879
08-05-2007,6.74673054115814,6.50143337641023
08-06-2007,6.86222235806574,6.36679984147034
08-07-2007,6.71955071925669,6.44447361499592
08-08-2007,6.83483203692188,6.48489602060148
08-09-2007,7.04784677125166,6.74232332662131
08-10-2007,7.04004396669859,6.70313860185174
08-11-2007,6.97194614201786,6.75412073479216
08-12-2007,6.76182854112012,6.40936379760068
08-13-2007,5.67650111819304,6.33009987593181
08-14-2007,6.50114188405788,6.35490483594247
08-15-2007,6.24060075143919,6.18466189190562
08-16-2007,6.29919051788165,5.99414881924544
08-17-2007,6.60079762336754,6.44250611752931
08-18-2007,6.59153258573667,6.37264397110985
08-19-2007,6.25286783428259,6.091227356241
08-20-2007,5.88047498953899,6.18245614232063
08-21-2007,6.1072706717097,6.23473556575238
08-22-2007,6.36762826482023,6.1475441354017
08-23-2007,6.41278884358629,6.19399845274834
08-24-2007,6.34023156117214,6.12016861803476
08-25-2007,6.13847476492939,5.81346625888855
08-26-2007,6.02323405470472,5.54402751599246
08-27-2007,5.93782316330658,5.66318032758805
08-28-2007,4.73900901715884,4.26521052170697
08-29-2007,5.41692303812446,5.22954899327623
08-30-2007,5.93615374272524,5.29579726049849
08-31-2007,5.69988871314464,5.32571986319291
09-01-2007,5.24597701247582,4.13194676855893
09-02-2007,4.70309072856765,3.84298361445374
09-03-2007,4.55671328656746,4.2378864789681
09-04-2007,5.25428298735199,5.58286714852797
09-05-2007,5.35570523692471,4.98353415836469
09-06-2007,5.16512604545164,4.93477300744846
09-07-2007,5.41852097074646,5.13792843574906
09-08-2007,5.1894434331721,5.11062655234131
09-09-2007,5.22556676870814,4.98058260133615
09-10-2007,5.08375181399045,4.93838685213598
09-11-2007,5.14025419249839,5.1687983963328
09-12-2007,4.95171580750134,4.75911793620064
09-13-2007,4.92252178353464,4.61951356241601
09-14-2007,3.77420084072109,2.52012842318937
09-15-2007,3.03300778874649,2.94906276582517
09-16-2007,4.65046560479139,3.60042090256766
09-17-2007,3.82303051195584,3.71283565440219
09-18-2007,3.56277697145224,3.81747556836447
09-19-2007,3.74310695384038,3.84792628589359
09-20-2007,3.8566871299415,3.96534358355095
09-21-2007,3.92207696177523,3.9985595741159
09-22-2007,2.80444676079089,3.30158284830263
09-23-2007,4.33029353813434,4.26711430388667
09-24-2007,4.6073621980754,4.37295004462885
09-25-2007,4.54079518230839,4.2474475805887
09-26-2007,4.42529127988613,4.17678372030072
09-27-2007,4.10707718337537,4.10809995850529
09-28-2007,4.05847702884245,3.82752054171521
09-29-2007,3.98375758140648,3.85423769433196
09-30-2007,3.2112240707883,3.17365630173253
10-01-2007,3.14256104860812,3.13682433236173
10-02-2007,3.19258056000393,3.15312093698596
10-03-2007,3.36224684517285,3.03008559809922
10-04-2007,2.95761068052695,2.1755406443986
10-05-2007,1.04149463385296,1.97454176540392
10-06-2007,2.16246859352554,2.36473301570412
10-07-2007,2.89046011114526,3.11589435607175
10-08-2007,3.32316248476534,3.426779425106
10-09-2007,3.56673256208959,3.34089450058461
10-10-2007,3.50580082984019,3.4104215119446
10-11-2007,3.31702067192769,3.1846231916146
10-12-2007,2.42093995813435,2.01002381736881
10-13-2007,2.3846480557518,2.17325980147449
10-14-2007,2.47589784360855,2.38766203643249
10-15-2007,2.66685919326448,2.53258449705186
10-16-2007,2.73910909226501,2.68575814920062
10-17-2007,1.8887835235439,2.68337152548145
10-18-2007,2.32384886364125,2.50021397407257
10-19-2007,2.22012250225615,2.10914514593148
10-20-2007,2.78940381250984,2.72311871468591
10-21-2007,2.47449259109145,2.25483059055566
10-22-2007,2.28098361603553,2.11194900785861
10-23-2007,2.43412793435741,2.16901687055206
10-24-2007,2.6946074893365,1.94454520027019
10-25-2007,2.60844250378364,2.16726894554805
10-26-2007,2.15932000278816,0.776163387983689
10-27-2007,2.03452563951218,1.67701234511704
10-28-2007,1.98479207401622,1.67519855054541
10-29-2007,1.90905207821126,1.76873501664708
10-30-2007,1.63064941278661,1.6035131335898
10-31-2007,1.57416114422091,1.49256324143116
11-01-2007,1.74033261243186,1.52148463108031
11-02-2007,2.11729806021018,1.75764617797845
11-03-2007,1.51530681331648,1.71443797119255
11-04-2007,1.51577507596863,1.40719414187501
11-05-2007,1.41227888065981,1.33756271276285
11-06-2007,1.41400918453142,1.34105742050736
11-07-2007,1.49297633166258,1.41110945150223
11-08-2007,1.09779951525184,0.992562835780856
11-09-2007,1.13578911865246,1.02925875716618
11-10-2007,1.25037465607415,1.212906769096
11-11-2007,1.33161403175833,1.24233061971974
11-12-2007,1.15104130665004,1.06697772556007
11-13-2007,1.32761085920047,1.24680717763003
11-14-2007,1.51763809329513,1.41785227656165
11-15-2007,1.83919841752871,1.60263749992966
11-16-2007,1.48075565016335,1.22837595612045
11-17-2007,0.899133917984734,0.778629165015196
11-18-2007,0.951921380565671,0.841167584362737
11-19-2007,1.23113421797581,1.0429174373004
11-20-2007,1.417608616676,1.31465183354103
11-21-2007,1.35668745280016,1.28569634642993
11-22-2007,1.35874343195859,1.22087969988371
11-23-2007,1.66484254309026,1.4818035040288
11-24-2007,0.838010408504755,0.693625845132125
11-25-2007,0.717506167499884,0.468077392387063
11-26-2007,0.735324287918693,-0.0538287309003914
11-27-2007,0.417264164152555,0.916383420398538
11-28-2007,1.08885958347879,0.956051628384344
11-29-2007,0.783163139429335,0.757088133912171
11-30-2007,0.818862648119465,0.795749616719364
12-01-2007,0.779456850970787,0.790020906268951
12-02-2007,0.652713345383053,0.665538363807247
12-03-2007,0.759601541322111,0.846783181591425
12-04-2007,0.920253967459368,0.943843151938999
12-05-2007,0.535771673931459,0.497855549702378
12-06-2007,0.592591446219987,0.578741838304485
12-07-2007,0.590436568338905,0.537416892904939
12-08-2007,0.650247332456545,0.636213052999884
12-09-2007,0.97399455962479,0.956228197090433
12-10-2007,1.44135968402056,1.14653733572196
12-11-2007,1.32324584750933,1.23617043762182
12-12-2007,1.24496638700373,1.06708457128751
12-13-2007,1.23721212203863,1.13912175931771
12-14-2007,1.27646796027173,1.12997301146957
12-15-2007,0.975249137205486,0.866318519240676
12-16-2007,0.791680541602748,0.737162980791327
12-17-2007,0.695201777580056,0.678232778464155
12-18-2007,0.521940230042855,0.490790249825396
12-19-2007,0.529954147573689,0.523748534636977
12-20-2007,0.727510719382235,0.693390023266473
12-21-2007,0.752488862676115,0.644974637045129
12-22-2007,0.647312307445426,0.431949705961341
12-23-2007,0.379310264200194,0.289863931401765
12-24-2007,0.936643031812551,0.920157176828514
12-25-2007,0.538317781285407,0.426411130308325
12-26-2007,0.606618114047651,0.605895788528896
12-27-2007,0.737101020246689,0.706964959463271
12-28-2007,0.846770371135556,0.862859804155181
12-29-2007,0.780283740153628,0.872121678930337
12-30-2007,1.00329396831439,0.918492233559996
12-31-2007,0.854622413911824,0.762734454482942
01-01-2008,0.847839156513909,0.769457501938206
01-02-2008,0.606569680743116,0.57500381744863
01-03-2008,0.454587448361866,0.437220040035206
01-04-2008,0.492758584224569,0.454538905215584
01-05-2008,0.536691882511888,0.501440889374472
01-06-2008,0.607025160583244,0.642429550390085
01-07-2008,0.849398233025718,0.921995282926241
01-08-2008,1.12712109952842,0.948895489926114
01-09-2008,1.2350876867952,0.877612002081748
01-10-2008,1.38003519922287,1.11411839400231
01-11-2008,0.932349554769926,0.761475999509854
01-12-2008,1.13891514591652,1.18775586002128
01-13-2008,0.876380896896198,0.847426054912138
01-14-2008,0.916445987848182,0.810760434430805
01-15-2008,0.826522746427071,0.734235299634725
01-16-2008,0.694460262338719,0.63918982864007
01-17-2008,0.694335452962683,0.655991992510001
01-18-2008,0.734267709849931,0.732680182833995
01-19-2008,0.939117917503531,0.93974784916773
01-20-2008,0.887003719220632,0.755819083176521
01-21-2008,0.697122627525199,0.599211978198357
01-22-2008,0.646381353050601,0.52038220573221
01-23-2008,0.737136730304547,0.77201537865192
01-24-2008,0.888515264447913,1.08962396193924
01-25-2008,1.10398300992979,0.902396145106598
01-26-2008,0.719621302763878,0.6146003264466
01-27-2008,0.958316941701137,0.772009095878862
01-28-2008,1.07285041136353,0.929599569231748
01-29-2008,1.04947204638125,0.989167518546468
01-30-2008,1.1995640719663,1.2262820475707
01-31-2008,1.2188479425806,1.05151523603544
02-01-2008,0.897375840707879,0.885548930133638
02-02-2008,1.1181121227131,1.19502508782755
02-03-2008,1.24894926443367,1.16646558963921
02-04-2008,1.35996124623751,1.30407642279024
02-05-2008,1.52404435570343,1.58944526603282
02-06-2008,1.89676598852539,1.95280901299217
02-07-2008,2.3345387117201,2.14279991625788
02-08-2008,1.60081720590676,1.39873274105176
02-09-2008,1.44058853039696,1.3349474854593
02-10-2008,1.48022929687211,1.37783943891326
02-11-2008,1.4021543633642,1.3577748545468
02-12-2008,1.30295730607708,1.19394810274815
02-13-2008,1.522385920132,1.49887673886808
02-14-2008,1.78458494011744,1.70321151470557
02-15-2008,1.38224903890453,1.24876026680068
02-16-2008,1.68325019926299,1.68458390673701
02-17-2008,1.8466802888447,2.02513870334284
02-18-2008,1.79719810479492,1.72340812097882
02-19-2008,2.12254286578596,1.81380804270384
02-20-2008,1.60993717893401,1.46683439987116
02-21-2008,1.73328557009978,1.63981033555259
02-22-2008,1.79405867302653,1.7143143561669
02-23-2008,0.745965334430284,1.67536797003699
02-24-2008,2.39947675378495,2.09505507288552
02-25-2008,1.9719827726371,1.74459244939206
02-26-2008,2.17318261704854,2.08606979812914
02-27-2008,2.52278262737149,2.34578576274696
02-28-2008,1.77113801594305,1.20290966830998
02-29-2008,1.51919682142335,1.2038288061915
03-01-2008,1.91732784271225,1.74556508248814
03-02-2008,2.35373773402393,2.1947988934284
03-03-2008,2.23108865781495,2.09138803885814
03-04-2008,2.36107316221315,2.00084902524738
03-05-2008,2.49033086845672,2.01728074168111
03-06-2008,2.56087333726989,2.16938984024148
03-07-2008,2.54923259236743,2.37710680362839
03-08-2008,2.72976421728798,2.75366384071897
03-09-2008,2.55516625562874,2.54426872332421
03-10-2008,2.09590714189918,1.86229068154931
03-11-2008,2.54306580066465,2.33241729054255
03-12-2008,2.83050699641079,2.58619450957876
03-13-2008,2.83012946075665,2.55831414160448
03-14-2008,3.09730087297936,2.84005663184742
03-15-2008,3.25247288378532,3.0783918150203
03-16-2008,2.61700284442474,2.52557041122205
03-17-2008,2.69909104996391,2.4554843117845
03-18-2008,1.54790172726824,2.2737635789971
03-19-2008,1.35591379417325,1.97962703840998
03-20-2008,2.70970137829854,3.35211690037297
03-21-2008,3.1500536128832,2.91765880683412
03-22-2008,3.02640583925064,2.89472781620774
03-23-2008,3.41141893463791,3.3431597764601
03-24-2008,3.09457924143716,2.61601554009565
03-25-2008,2.71601880663923,2.3909197760653
03-26-2008,2.82335073265923,2.64523234421878
03-27-2008,3.36735553152795,3.20329491011293
03-28-2008,3.68875617704158,3.75813180454934
03-29-2008,4.17157872481809,4.0732251360248
03-30-2008,4.05931270990111,3.92356635555616
03-31-2008,0.352207108930445,0.337690361034559
04-01-2008,2.34624890526507,2.7314680802937
04-02-2008,3.99252542053335,4.31401919932839
04-03-2008,4.53235285014037,4.0671719460298
04-04-2008,3.36132512901328,1.35369771385643
04-05-2008,0.567143388006333,3.40700288924793
04-06-2008,0.440771703958575,3.13277235949143
04-07-2008,3.08428252313959,2.57572767109712
04-08-2008,3.41915652903881,2.6063198156355
04-09-2008,2.24997950214654,2.51635152580588
04-10-2008,4.1149854651101,4.02037150145855
04-11-2008,4.39971144371087,4.14538526256448
04-12-2008,4.79856986869145,4.05106315369941
04-13-2008,5.05256076084324,4.19691106203228
04-14-2008,3.94657088806347,3.71774718161856
04-15-2008,3.38848707696321,2.12149716913294
04-16-2008,3.55757302331964,3.1544406348925
04-17-2008,3.94608615149376,3.76868467704867
04-18-2008,4.44223264270248,4.33321682407267
04-19-2008,4.82718333099442,4.43936062600551
04-20-2008,4.88400518788154,3.21972835435608
04-21-2008,4.32865206989763,3.84321380008223
04-22-2008,4.23178835669944,4.22006246408063
04-23-2008,4.32577602239903,4.27351723331452
04-24-2008,4.71006191479653,4.75756887100835
04-25-2008,5.08685442971645,5.011039788519
04-26-2008,5.26811629969856,5.12391608704016
04-27-2008,5.27928237283691,4.68021782817616
04-28-2008,5.05674192509387,4.48658320532719
04-29-2008,4.18181457428519,4.16221527162316
04-30-2008,4.40166567424106,3.24782477395961
05-01-2008,4.26988046260652,4.30551687820346
05-02-2008,5.14941246139846,4.84296117230318
05-03-2008,5.67095678563883,4.15727533944547
05-04-2008,5.31872399285315,4.664816630504
05-05-2008,5.24053088971313,5.03325731390176
05-06-2008,5.26284624498896,5.20870621583275
05-07-2008,4.98056359192066,5.17372267803179
05-08-2008,5.34875292490212,5.40950354106156
05-09-2008,5.67745308112427,5.31451498612607
05-10-2008,5.02203589000498,4.6433469890225
05-11-2008,5.75374448037664,5.40428661438655
05-12-2008,5.0472074248744,4.95554618551762
05-13-2008,4.56519417488816,4.4813617023798
05-14-2008,5.07735121869774,5.15595801723152
05-15-2008,5.12032132638371,5.24729315782874
05-16-2008,3.53669521126024,3.65530830307222
05-17-2008,6.01264751320811,4.88415373941653
05-18-2008,5.51183898377453,4.99109623469053
05-19-2008,5.740899074946,5.26232559990537
05-20-2008,5.77785416136607,5.03070360482228
05-21-2008,6.49182813596848,5.80771083971606
05-22-2008,5.77617794416436,5.62113647840228
05-23-2008,5.59501781421138,5.47641377722479
05-24-2008,5.58367594964113,6.05456748271808
05-25-2008,5.88797556959014,6.1919790818142
05-26-2008,5.07931142665923,5.83673982138764
05-27-2008,5.82794622680037,6.2742540197203
05-28-2008,6.7319389494887,5.98168615102588
05-29-2008,6.41636356170888,6.28833966848419
05-30-2008,4.92961308485541,5.26385153596839
05-31-2008,6.42666404909044,6.32293923926009
06-01-2008,7.10209420135576,6.93139239146113
06-02-2008,6.03170954966508,6.43108284679049
06-03-2008,6.2998971401788,6.10257712065573
06-04-2008,6.51193491939239,6.45670502906779
06-05-2008,7.40088398840637,7.3440530297198
06-06-2008,7.16615721521704,7.14536395951886
06-07-2008,7.10507832676212,7.10689356880328
06-08-2008,7.24780495974638,7.32744522055903
06-09-2008,7.37400717228795,7.30319455584254
06-10-2008,7.53430987913444,7.31567549519874
06-11-2008,7.36845349771399,7.15806087937798
06-12-2008,7.32639117124029,6.63241232835909
06-13-2008,7.06229100822882,5.55724416532039
06-14-2008,6.54552491425999,5.84428086112445
06-15-2008,6.93248977504672,6.07524935580572
06-16-2008,6.48324601219498,6.5962972257304
06-17-2008,7.03832993375267,6.72780323817073
06-18-2008,7.10089096171091,6.93117723364963
06-19-2008,6.22527492034267,6.14475328563262
06-20-2008,6.17061563592829,6.10857924378631
06-21-2008,6.48751861531006,6.26098764687613
06-22-2008,6.74281880609107,6.21029496000212
06-23-2008,6.68371148739461,5.99242178204812
06-24-2008,6.81737659404968,6.60880365581738
06-25-2008,6.78138868551673,6.59609905012137
06-26-2008,6.82943049215515,6.57671523485764
06-27-2008,6.85918300576182,6.8296018056119
06-28-2008,7.30190531525196,6.97510243330946
06-29-2008,7.04336077083059,6.76096967905413
06-30-2008,6.10645898256957,6.96507934386727
07-01-2008,6.83054157977792,6.64563452033558
07-02-2008,6.34493247251617,6.20902120265331
07-03-2008,6.39897263135105,6.22552414109048
07-04-2008,6.7900934568713,6.4733494275296
07-05-2008,7.1185557409514,6.81885139702432
07-06-2008,7.16251296296722,6.45156372254822
07-07-2008,6.59391574759692,5.8842262290542
07-08-2008,6.78733921142031,5.74062566380854
07-09-2008,6.9103223170188,6.19439466855019
07-10-2008,6.85109722289069,6.16559950951027
07-11-2008,6.10907028480655,6.08627929647464
07-12-2008,6.65289330139627,6.60513636133582
07-13-2008,6.69855023324189,6.88532831555171
07-14-2008,6.55484188181809,6.71974023260437
07-15-2008,6.11140681684723,5.50720156132833
07-16-2008,5.78088560731918,6.26817894433785
07-17-2008,6.04245467511886,6.50477145105609
07-18-2008,6.02726919221719,6.5532405074994
07-19-2008,6.37348714063274,6.53022805244898
07-20-2008,6.67225317783197,6.86925632704202
07-21-2008,7.01282693111145,6.78849307734353
07-22-2008,7.31141239691236,7.30643361400756
07-23-2008,6.98961707704204,6.8105555769865
07-24-2008,7.06920762562279,6.86242244164717
07-25-2008,5.57820205180301,6.32660965296594
07-26-2008,5.31935180835999,6.06236367230714
07-27-2008,4.28120983983569,5.49711351638073
07-28-2008,7.10615924310304,6.80371806792719
07-29-2008,6.86653012159361,6.65740545284081
07-30-2008,6.99788869126594,6.66147824050356
07-31-2008,7.07012466348373,6.8304216727838
08-01-2008,7.06422603197808,6.61933891249805
08-02-2008,6.45975572801848,6.34761728339379
08-03-2008,6.98462287209657,6.72289514217947
08-04-2008,6.79327926939689,6.55147004568092
08-05-2008,6.80847334932156,6.45927269598822
08-06-2008,6.69357582417649,6.58800396364466
08-07-2008,7.07681480360374,6.71633987851269
08-08-2008,6.74053826013986,5.38687952707939
08-09-2008,6.21632695128971,5.98515632302193
08-10-2008,5.72327011925058,5.77776527881813
08-11-2008,6.15061197408814,5.99951148326426
08-12-2008,5.90495871072938,5.68184871440889
08-13-2008,5.21460075286122,5.568492018622
08-14-2008,5.41706780145153,5.45517701229483
08-15-2008,5.24428208426995,5.6522526299866
08-16-2008,6.07375076679485,5.71091734958729
08-17-2008,6.06576131234627,5.50921355524089
08-18-2008,5.23135993069678,5.11359341283973
08-19-2008,5.6329886085166,5.84303213162181
08-20-2008,6.02936871978842,5.93294440911596
08-21-2008,5.91325243663673,5.84348390233785
08-22-2008,5.72518856318949,5.58131203033296
08-23-2008,4.62295602444258,4.95180953946299
08-24-2008,4.70513433933631,4.43053521894281
08-25-2008,4.44295277763484,4.37067263732755
08-26-2008,4.17281349967492,4.34554869389419
08-27-2008,2.71333753772665,0.523541649582259
08-28-2008,2.29365991511467,2.78280514054132
08-29-2008,2.45289917117672,3.4026068403827
08-30-2008,4.68741399976242,5.23438353199146
08-31-2008,5.33492446993456,5.38027095654663
09-01-2008,5.16785443483124,5.5203772977024
09-02-2008,3.74555707444066,5.34151718923911
09-03-2008,4.79351836048316,4.88707479490688
09-04-2008,5.15488886246334,5.10240990020969
09-05-2008,5.20120446635068,4.8982097966236
09-06-2008,5.00421467877427,5.0990562770037
09-07-2008,5.27829084641191,5.12324787194321
09-08-2008,5.28323857917002,5.06903160556544
09-09-2008,5.05608346884226,5.0416016338744
09-10-2008,4.46435362896159,4.95311369762367
09-11-2008,4.32819272817426,2.91230017203428
09-12-2008,1.57809239133331,2.0460189767713
09-13-2008,4.07018806830238,3.45393868327321
09-14-2008,4.33428027607551,4.2319205001651
09-15-2008,4.65277713039331,4.35584654615755
09-16-2008,4.98172328525579,2.56863297717985
09-17-2008,2.17226196222502,0.740818344045738
09-18-2008,2.88125126502319,2.53692992593379
09-19-2008,3.97235938894425,4.00684472559787
09-20-2008,3.97581650231705,3.986304422417
09-21-2008,3.64900630330962,3.703105768911
09-22-2008,3.17198564526165,3.23790445913593
09-23-2008,3.82023643005231,3.83520363730256
09-24-2008,3.62165413939576,3.52028492681322
09-25-2008,3.20486316024025,3.4714185475165
09-26-2008,2.79246330671992,3.32260126728923
09-27-2008,2.38194011857658,3.4470933554646
09-28-2008,1.88015597138284,2.4511925800417
09-29-2008,3.8888011022632,3.34809703576279
09-30-2008,3.87076926417523,3.53627681663898
10-01-2008,3.68872182869001,3.45097876281918
10-02-2008,3.50051704265013,3.25297595701517
10-03-2008,2.93018598728549,2.73586935593799
10-04-2008,3.01995646902308,2.806698675686
10-05-2008,3.29463533863011,2.99277578693264
10-06-2008,3.3678296742587,3.15385345588128
10-07-2008,3.29291733572538,3.10246303266546
10-08-2008,3.12116423990035,2.95624721644537
10-09-2008,1.64858906533697,1.51421546868543
10-10-2008,1.70407809148578,2.39368292274682
10-11-2008,2.39987217818677,2.06246240510367
10-12-2008,2.18384153898918,1.67915645662908
10-13-2008,1.84835657527515,1.87386014313202
10-14-2008,2.66097525997709,2.67079308316098
10-15-2008,2.84596195975897,2.71177646134926
10-16-2008,2.85374754962735,2.74649473940962
10-17-2008,2.9950446189457,2.82122528388105
10-18-2008,3.21954287556291,2.9980687356556
10-19-2008,2.2986965371519,2.10588257719399
10-20-2008,1.92498586345971,1.93756202406229
10-21-2008,1.94613801700581,1.9301036893015
10-22-2008,2.13508411018187,2.07808673583977
10-23-2008,1.97376959126861,1.9614791171213
10-24-2008,1.65926458293703,1.69151336140436
10-25-2008,1.3326060778243,1.25356040163746
10-26-2008,2.33642873452527,1.5308424471263
10-27-2008,1.95069810971247,1.77612181154383
10-28-2008,1.6828311180356,1.23152763282773
10-29-2008,1.38039977079641,1.03618538267234
10-30-2008,1.40753570253349,1.25909427078471
10-31-2008,1.52559101810404,1.36452672887828
11-01-2008,1.50514286079011,1.41025573246736
11-02-2008,1.55287115948791,1.44115319895205
11-03-2008,1.66916860796024,1.49031003430671
11-04-2008,1.72102910617154,1.5446556960766
11-05-2008,1.37604932268635,1.7287439090311
11-06-2008,1.64253624247195,1.61991660256709
11-07-2008,1.68826806316311,1.57029651510786
11-08-2008,1.72110030216469,1.48501899082994
11-09-2008,1.60654539639532,1.46961713493192
11-10-2008,1.2608793278959,1.12772868785627
11-11-2008,1.22283051580166,1.07644289968115
11-12-2008,1.08958619359237,1.02031695033493
11-13-2008,1.02417140104024,1.11011200595173
11-14-2008,0.957678331028037,1.10702304654872
11-15-2008,0.563315590407045,1.19480449333115
11-16-2008,1.60504666524367,1.52729956228872
11-17-2008,1.00003300444506,0.61242960254973
11-18-2008,0.952928838939851,0.846705294050145
11-19-2008,0.708567369399261,0.647100611322592
11-20-2008,0.730318480855349,0.664309465993039
11-21-2008,0.835338197883523,0.834146156247719
11-22-2008,0.69614301482632,0.663327983784344
11-23-2008,0.662636962352402,0.600105738965337
11-24-2008,0.763206801692161,0.743144047982822
11-25-2008,0.816006324787551,0.802893161132982
11-26-2008,0.895664810310205,0.783335037998923
11-27-2008,0.719865201685406,0.677492864554142
11-28-2008,0.838593259120274,0.716148943725847
11-29-2008,0.956986347440466,0.861012574782405
11-30-2008,0.940523336527371,0.894675632393538
12-01-2008,0.0473491808424525,0.657448644940316
12-02-2008,0.737116991478406,0.543517605540627
12-03-2008,0.712378299580849,0.624713414496732
12-04-2008,0.681611806752495,0.595984707105285
12-05-2008,0.823314477550133,0.83136890541992
12-06-2008,0.750959846938211,0.652313457698144
12-07-2008,0.605802695801318,0.552942216567803
12-08-2008,0.604977172145096,0.583119167775361
12-09-2008,0.538644242703781,0.512741906087542
12-10-2008,0.688386595176394,0.713121011026351
12-11-2008,1.04351698042346,1.02430473635175
12-12-2008,1.2710570440231,1.21347286169004
12-13-2008,0.811716163442513,0.641345385477931
12-14-2008,0.588899701940353,0.560340623902455
12-15-2008,0.606394225939881,0.635518198687589
12-16-2008,0.58829873670371,0.964007332950005
12-17-2008,1.01159377748895,0.947464286668637
12-18-2008,0.893413830653776,1.01249109903399
12-19-2008,1.38855413614123,1.13987210798584
12-20-2008,1.13689487856964,1.04069260403032
12-21-2008,1.3140871934518,0.979480084381442
12-22-2008,0.942873178103951,0.838664531704815
12-23-2008,0.462506341711103,0.422464094941415
12-24-2008,0.505844388021747,0.470598726073763
12-25-2008,0.654497804590396,0.862098583940166
12-26-2008,1.09513429473988,0.849454054957654
12-27-2008,0.766916721920932,0.740061213239251
12-28-2008,0.24663488123558,1.0624966611275
12-29-2008,0.938967060654532,1.13606056464528
12-30-2008,0.960114046514813,0.717615959190918
12-31-2008,0.610488818808601,0.485408217242016
01-01-2009,0.570683351474122,0.500523008987486
01-02-2009,0.435020732335886,0.416733982195383
01-03-2009,0.652114554611122,0.674377229751953
01-04-2009,0.909719383000049,0.788954427139263
01-05-2009,0.980004607327064,0.996825568619639
01-06-2009,1.23943180969629,1.09284324011286
01-07-2009,1.44401457974922,1.31549925967005
01-08-2009,1.27626960784769,1.17801027306831
01-09-2009,0.665278700851018,0.653388733833151
01-10-2009,0.602081369121122,0.61420420409294
01-11-2009,0.796391856803893,0.807662933397614
01-12-2009,1.02896310088414,0.976603051557209
01-13-2009,0.736329364278988,0.659510672631393
01-14-2009,0.772298750401908,0.724779155417554
01-15-2009,0.726931775723312,0.668680459461989
01-16-2009,0.738976819483369,0.647602841871651
01-17-2009,0.5163749950825,0.4370410288861
01-18-2009,0.52516022060723,0.486803989756815
01-19-2009,0.724838093951268,0.738769928035158
01-20-2009,0.881765792803554,0.82669827976087
01-21-2009,0.736977842016441,0.624888433438086
01-22-2009,0.645731610850765,0.601046160635721
01-23-2009,0.778332141983683,0.759069203339162
01-24-2009,1.10092726869496,0.85892619626134
01-25-2009,1.22129628931855,1.06497492296467
01-26-2009,0.819933428786914,0.845069819977757
01-27-2009,0.536028609279568,0.952916344414824
01-28-2009,0.334305866010583,1.13308341985842
01-29-2009,1.40952699184584,1.30820245358586
01-30-2009,1.24117273035884,1.00254884580285
01-31-2009,1.03340122037922,0.848230978080247
02-01-2009,0.934742458732164,0.89617595394637
02-02-2009,1.14282356930608,1.03413128201398
02-03-2009,1.36749619641954,1.20509633448462
02-04-2009,1.06849208284767,0.981380923593635
02-05-2009,0.853749734531703,0.723906472195433
02-06-2009,0.870324390406602,0.767682423058938
02-07-2009,1.09874309743698,1.05188468907665
02-08-2009,1.54950991539419,1.35530196431997
02-09-2009,1.75491336257774,1.69688745805922
02-10-2009,1.89196733203608,1.64763666348729
02-11-2009,1.85874364174232,1.4724418259124
02-12-2009,1.90483030394439,1.66271904264031
02-13-2009,1.76255162704808,1.61913862061259
02-14-2009,1.55929605496465,1.54960203317568
02-15-2009,1.86785748607687,1.70435504566402
02-16-2009,1.50543426104328,1.48979960465206
02-17-2009,1.48433601323961,1.43095439693963
02-18-2009,1.40866727926437,1.13655334602287
02-19-2009,1.37394477446585,1.47291695834209
02-20-2009,1.76938345823252,1.79278691948005
02-21-2009,1.36687167760588,1.23302806444497
02-22-2009,1.4992648000482,1.42501794238979
02-23-2009,1.76022659165043,1.51792311106995
02-24-2009,1.41499087310598,1.14478910710904
02-25-2009,1.27443073492199,1.3152815445267
02-26-2009,1.51734704381001,1.47199024699654
02-27-2009,2.11955349697604,2.25331823906728
02-28-2009,1.87080721226328,2.17545761076123
03-01-2009,1.59389516319701,1.72775863831164
03-02-2009,1.59454099068687,1.54382360028276
03-03-2009,1.22935755421428,0.680579491712885
03-04-2009,1.27478242778197,1.09254129591765
03-05-2009,1.77435480666681,1.54544475997475
03-06-2009,2.13705654280494,2.04220313098749
03-07-2009,2.74179200328929,2.72242673026486
03-08-2009,3.25353101643789,3.02402430057215
03-09-2009,3.08895339095064,3.0122822599528
03-10-2009,3.42205791552817,2.85419455015562
03-11-2009,2.53284986438649,2.92098889825678
03-12-2009,3.51201737925578,3.23240881904626
03-13-2009,2.70763402258069,1.71312152926399
03-14-2009,2.00101918978021,1.7483554546587
03-15-2009,-0.0246173759444616,0.39350610512886
03-16-2009,0.416169559227961,2.09103096277648
03-17-2009,0.359406652595205,1.84322677179347
03-18-2009,3.17169954849067,3.031219812452
03-19-2009,3.19407819672563,3.16896413204351
03-20-2009,3.39623123262455,3.18784227591766
03-21-2009,2.95452495862856,2.47716119350978
03-22-2009,2.63458475105744,2.54431510411426
03-23-2009,3.1083876342741,3.01188158556406
03-24-2009,3.46774816788556,3.31996250725851
03-25-2009,3.4141103994894,3.39069635305989
03-26-2009,2.677957585633,3.17029033043689
03-27-2009,1.86537814033692,1.88779183207185
03-28-2009,2.06452927141327,1.26111691872115
03-29-2009,1.50515329629516,1.45051013639487
03-30-2009,3.09794004500763,2.74198222100449
03-31-2009,3.33940917653724,3.02274765103299
04-01-2009,3.35751043306813,2.03483169058924
04-02-2009,2.78065294156134,3.06167249100777
04-03-2009,2.84264577859157,3.21599208041002
04-04-2009,3.82952454458815,2.68114703213186
04-05-2009,3.8672397778343,3.53853298858838
04-06-2009,4.30198494868099,3.9883140954586
04-07-2009,4.28028090594628,4.05544302952323
04-08-2009,2.99105281339775,2.65496345623182
04-09-2009,3.30168559344499,3.11986272633846
04-10-2009,3.94577210027929,4.00347751173849
04-11-2009,2.8831926081674,3.90051722615029
04-12-2009,3.95475459147337,2.82181701463662
04-13-2009,3.76228538769688,3.69096803165213
04-14-2009,3.39711430544262,3.27765333705885
04-15-2009,3.83665446927653,2.84730994422949
04-16-2009,4.00156283360799,3.17998124828247
04-17-2009,3.90754744151025,3.91971111730333
04-18-2009,4.08708198565543,4.21609031096702
04-19-2009,4.58960721967221,4.55210556176617
04-20-2009,4.45783267305646,4.44547613445204
04-21-2009,4.28898480440039,4.2584211655932
04-22-2009,4.43339810064362,4.14656142599843
04-23-2009,4.24083521722875,3.71309474050892
04-24-2009,4.89387203952281,4.54121718309848
04-25-2009,5.60479697337327,5.10137419656865
04-26-2009,5.74682608759765,5.42036601970221
04-27-2009,5.59576304599676,5.41477318524211
04-28-2009,5.35181348971901,5.11435901551388
04-29-2009,5.06552141495544,5.01513719307196
04-30-2009,5.11220045847567,5.02347915322189
05-01-2009,4.61534830275708,4.6970320527795
05-02-2009,4.47084575479325,4.24383290305565
05-03-2009,4.94977604873126,3.92773901175594
05-04-2009,4.85135304715931,3.22381172165248
05-05-2009,4.20474108634665,3.44812673653233
05-06-2009,4.53362045446863,3.77193313278287
05-07-2009,4.38358086547708,4.00467091868861
05-08-2009,5.26611650366008,5.28832043831723
05-09-2009,5.43038608806928,5.26575617141528
05-10-2009,5.74486392086867,5.89642714345577
05-11-2009,5.47704429640842,5.28773353129606
05-12-2009,5.23610506927127,5.07147435703528
05-13-2009,5.33807475976358,4.84699157744689
05-14-2009,5.44769162323226,4.90277603806034
05-15-2009,5.67694274043863,5.23861589043455
05-16-2009,5.11809634368611,4.40298491731413
05-17-2009,5.79835983832394,5.19684714705953
05-18-2009,5.11545660183923,3.75630730160991
05-19-2009,4.80887239006361,4.39174408065522
05-20-2009,4.79428389675104,4.67309065560749
05-21-2009,5.4197497710345,5.20808267044674
05-22-2009,4.96891811904505,5.57932801139611
05-23-2009,5.35161712890931,5.10392283573015
05-24-2009,5.13585866378649,4.64869769169394
05-25-2009,3.20376479400961,3.17626638212919
05-26-2009,4.48336838101803,3.60924174386346
05-27-2009,4.15002025444648,2.63524201001091
05-28-2009,3.37338955671493,3.2404047984586
05-29-2009,5.02448306823348,3.38300422137766
05-30-2009,5.99377000500851,5.16843338842307
05-31-2009,5.98629983107711,5.60619231093751
06-01-2009,6.6293145140798,6.31372298069006
06-02-2009,6.12861242586645,6.37242152375719
06-03-2009,6.74792181251686,6.75607523888022
06-04-2009,6.64320064874059,6.54538610681935
06-05-2009,6.02364095079241,6.12280919064872
06-06-2009,4.34096786915401,3.65509871745855
06-07-2009,4.3137919432082,5.6838062252785
06-08-2009,4.91864969351132,5.98641200730004
06-09-2009,6.03702147436889,6.14590977391811
06-10-2009,6.67290267991863,6.68836376646716
06-11-2009,6.55960217947396,6.54915489944591
06-12-2009,6.03533260286122,5.30363577819615
06-13-2009,6.75022458332702,5.51005360037979
06-14-2009,6.66614547102382,6.17092738131164
06-15-2009,5.90911759646608,6.15060298519264
06-16-2009,5.87069554639942,6.09592482093155
06-17-2009,5.83887929344105,5.96647901695431
06-18-2009,5.5234876731095,5.58372535723532
06-19-2009,6.81355623104236,6.11505229867195
06-20-2009,6.93861949960705,6.52868455629026
06-21-2009,7.32851416565831,6.91933247019416
06-22-2009,6.81813557570131,6.69813418455724
06-23-2009,5.8486662865545,4.79036121576445
06-24-2009,6.40313771337948,5.58172644365017
06-25-2009,6.01802697703596,6.10334056371005
06-26-2009,6.45653491574109,6.65044985893706
06-27-2009,7.04063743877622,6.86935594947522
06-28-2009,7.23400551701054,7.01038023958588
06-29-2009,7.03471806890877,6.71954540722417
06-30-2009,6.88697255839833,6.85323116507946
07-01-2009,6.64620950769645,6.32549790427921
07-02-2009,6.89610243884062,6.55794236637348
07-03-2009,6.95048839076024,6.6578365745512
07-04-2009,6.62517030527184,6.31803066333207
07-05-2009,6.05193856562931,6.38941780076084
07-06-2009,6.50276783628736,6.09268527533579
07-07-2009,6.80147505421121,5.18633596850013
07-08-2009,6.45637882475468,5.13395822636814
07-09-2009,5.34502673477963,3.59142761751773
07-10-2009,5.54393577095511,3.74437261339342
07-11-2009,5.31283300213026,5.13630711892714
07-12-2009,6.36609880743753,5.71480871389058
07-13-2009,6.93208618952063,6.61471347774823
07-14-2009,6.72668676731996,6.79434021677147
07-15-2009,6.06115335862527,5.96888763638928
07-16-2009,6.99297716551885,6.3496488200907
07-17-2009,7.25131605156919,6.40898180012657
07-18-2009,7.32551308262335,6.65302674342231
07-19-2009,6.56704573975498,5.00895601609342
07-20-2009,5.55425067272136,5.25387486486604
07-21-2009,5.56986920585996,5.56457944419719
07-22-2009,5.5026062833094,5.33379112330621
07-23-2009,5.32119941738896,4.95034419006629
07-24-2009,5.87459980516305,6.04834316178053
07-25-2009,6.45155666722432,6.11820321204695
07-26-2009,6.73302277582833,6.42139373040021
07-27-2009,6.86841847890703,6.42076741967441
07-28-2009,6.84642419423715,6.27052831738844
07-29-2009,6.67292950594886,5.7950634834415
07-30-2009,6.29750251709441,5.67598080321229
07-31-2009,4.82248936914505,5.43753789618382
08-01-2009,5.35627826961851,5.0065279269617
08-02-2009,6.00032122667454,5.11159536278778
08-03-2009,6.44184822305146,5.94427889120237
08-04-2009,6.67271340295987,6.29264248495183
08-05-2009,6.68216810178146,6.26516726270818
08-06-2009,6.60058597488277,6.14765502536328
08-07-2009,6.53036650008233,6.16232271413946
08-08-2009,6.2051445638321,6.04643717976633
08-09-2009,6.49568961634805,6.25183813956799
08-10-2009,6.66053528721293,6.35730078873907
08-11-2009,6.71257483932428,6.22404468962694
08-12-2009,6.85109687259695,5.93161146456376
08-13-2009,2.94714505140956,5.78335331516526
08-14-2009,5.70044017674592,4.89947224051465
08-15-2009,5.78335891122508,5.47134983229896
08-16-2009,5.31702961498605,5.69688454901569
08-17-2009,5.70160578846345,5.57499504800418
08-18-2009,5.64749463620367,5.19546783068913
08-19-2009,6.07917650583449,5.15642268320698
08-20-2009,5.83014142822653,4.77820099968467
08-21-2009,5.76824506618253,4.82446475604248
08-22-2009,5.77573196343172,4.29880220781223
08-23-2009,5.9190529761864,4.23369627145949
08-24-2009,5.5659787438458,4.64585240897497
08-25-2009,5.14752847144082,4.17992764765357
08-26-2009,5.49384104900529,4.79925195474296
08-27-2009,5.78978062049678,5.32966462464669
08-28-2009,5.83542925561474,5.32875808641094
08-29-2009,5.6219877292455,5.01337434258386
08-30-2009,5.48506616327984,4.51142551130516
08-31-2009,5.50867976853346,3.83906184472863
09-01-2009,4.93325518482987,1.62055620106352
09-02-2009,3.24354948312102,2.20870943914373
09-03-2009,4.43983202150683,4.20913287899881
09-04-2009,4.75459940025425,4.7227012463745
09-05-2009,5.00188563435564,4.94446793338677
09-06-2009,5.17624613184668,4.93268166739638
09-07-2009,5.05973076286289,4.74664292275097
09-08-2009,4.89192726347945,3.84235930608724
09-09-2009,5.01357889362995,4.09409549201952
09-10-2009,4.85213443865842,4.00601814235446
09-11-2009,3.60214937942731,2.70121292457958
09-12-2009,3.74838034835554,3.25356979423933
09-13-2009,4.78831934938799,4.51530985657406
09-14-2009,4.5120667021382,4.53937820729198
09-15-2009,4.2715619065263,4.45910399842558
09-16-2009,4.16230118537111,4.1978817939577
09-17-2009,3.35760267004377,2.41505204576148
09-18-2009,1.5759982002318,0.769319066234596
09-19-2009,1.23856669758412,2.178609672892
09-20-2009,2.35906990920819,2.47799651939482
09-21-2009,0.462742295336695,0.331344587218708
09-22-2009,2.47056629762331,0.298229519096895
09-23-2009,2.99379417286669,2.82455663789292
09-24-2009,3.45852048812145,3.41608618853171
09-25-2009,3.68336413581028,3.94186597621028
09-26-2009,4.45685908910261,4.30858739366501
09-27-2009,4.02569268072866,3.78421061572282
09-28-2009,3.65475188254784,3.31223061191426
09-29-2009,3.95569594628231,3.53499057127626
09-30-2009,3.14767303183245,1.9738665621869
10-01-2009,3.17589769048359,2.81450227935202
10-02-2009,3.03971438419705,2.96879647785254
10-03-2009,3.11486643839388,3.02382481830861
10-04-2009,3.19252236338614,3.01312499904501
10-05-2009,2.85624016340834,2.8023488902576
10-06-2009,2.66214225460784,2.38565691298036
10-07-2009,1.63959081484553,1.61967481546171
10-08-2009,3.69893516954495,2.79888609918775
10-09-2009,2.98537689944497,2.62882114644582
10-10-2009,3.39354209068307,3.11975458908902
10-11-2009,3.02457770392561,3.08913357560285
10-12-2009,2.6843292671507,1.63018344501843
10-13-2009,1.71155243456482,1.70130894762226
10-14-2009,2.7146770623151,2.48174088019218
10-15-2009,2.79677460743581,2.59834319436144
10-16-2009,1.78823025826639,1.65871302036884
10-17-2009,1.92559644373031,1.82467038877432
10-18-2009,1.4811277767912,0.605780479943418
10-19-2009,1.71415762782795,1.19811043878218
10-20-2009,1.84059814745977,1.77309555241387
10-21-2009,2.13197526858417,1.88679341613347
10-22-2009,2.15203833894323,1.97506937660701
10-23-2009,2.3419098480976,2.07419161572154
10-24-2009,2.7658694948452,1.63666954562237
10-25-2009,2.80085889690437,2.51657584151203
10-26-2009,1.57207379960811,1.80176025129552
10-27-2009,1.62420137518593,1.71311260130104
10-28-2009,1.29371425080832,1.65879709565224
10-29-2009,1.97584220991696,2.06519476149613
10-30-2009,2.03194963202853,2.00764664808296
10-31-2009,1.81870967318012,1.78557232751144
11-01-2009,1.72630445246082,1.46819619237321
11-02-2009,1.6488821235444,1.31542717839671
11-03-2009,1.54509065632715,1.46376529938177
11-04-2009,1.73070059599684,1.52429379649588
11-05-2009,1.49532968861511,1.41704408004817
11-06-2009,1.46355907720559,1.38227857194119
11-07-2009,1.30540429320981,1.26646112463148
11-08-2009,1.43985344104178,1.31214640068817
11-09-2009,1.63075501474499,1.30202688862599
11-10-2009,1.53652342858969,1.33682802622895
11-11-2009,1.30581276250658,1.41896152532545
11-12-2009,0.109382519635155,0.285138570494791
11-13-2009,1.01760039102737,0.764381312688445
11-14-2009,1.44933590210825,1.26210502998631
11-15-2009,1.60564224099572,1.38285341961862
11-16-2009,1.58059835918912,1.33796486262161
11-17-2009,1.38845261847321,1.22587907932259
11-18-2009,1.38719118972106,1.28040353999704
11-19-2009,1.15659431151339,1.13486925412471
11-20-2009,1.29876730614552,1.16803537506831
11-21-2009,1.17975344316666,1.03800968327553
11-22-2009,1.0796237497876,0.977473249885155
11-23-2009,0.929704493289809,0.639207092365622
11-24-2009,0.0923731893613147,0.84784987898527
11-25-2009,0.00579231024803097,0.656226660963627
11-26-2009,1.11530641735464,1.06503577505121
11-27-2009,1.04003075104287,0.873590276519822
11-28-2009,0.795033209490918,0.731024056603376
11-29-2009,0.738326402414508,0.690593044659223
11-30-2009,0.95500647082059,0.87010862116966
12-01-2009,1.0968605812479,1.02858154186235
12-02-2009,0.813508662402226,0.762786417183086
12-03-2009,0.908295041988648,0.865033557224469
12-04-2009,1.06321126706171,0.830469323659464
12-05-2009,0.800838578127898,0.71925409047302
12-06-2009,0.852770676139449,0.74627535600329
12-07-2009,0.655785181742822,0.589658493627431
12-08-2009,0.758234525947606,0.674589306220676
12-09-2009,0.811902889234307,0.78495063153845
12-10-2009,0.806643765692846,0.715945848989821
12-11-2009,0.486597808997474,0.401517504280928
12-12-2009,0.382397334040873,0.471323583524366
12-13-2009,0.544953310569673,0.489335712034236
12-14-2009,0.709224975575187,0.775095878266878
12-15-2009,0.924371703856897,0.980834382708556
12-16-2009,1.26806159565401,1.02109260628464
12-17-2009,0.550982278921218,0.515477645199365
12-18-2009,0.602757607977113,0.541568009901024
12-19-2009,0.635417600974248,0.603593096919552
12-20-2009,0.682707067690729,0.103502548389541
12-21-2009,0.669047933655888,0.550927837757591
12-22-2009,0.618121410348941,0.577067113426894
12-23-2009,0.666415612442484,0.599978513072688
12-24-2009,0.698198264958084,0.644124161548892
12-25-2009,0.734313617595209,0.639236496873411
12-26-2009,0.701635753848475,0.705497472340133
12-27-2009,0.720645585744262,0.602243900184282
12-28-2009,0.630909404385228,0.580126340804078
12-29-2009,0.631666942179517,0.574174216277833
12-30-2009,0.573471866957277,0.526519277037073