﻿<?xml version="1.0" encoding="utf-8" standalone="no"?>
<Configuration>
  <ExchangeItems>
    <OutputExchangeItem>
      <ElementSet>
        <ID>Smith Branch</ID>
        <Description>Smith Branch Watershed, Columbia SC</Description>
        <ShapefilePath>..\..\..\data\gis\SubWatershedCentroids_HEC.shp</ShapefilePath>
        <Version>1</Version>
      </ElementSet>
      <Quantity>
        <ID>Excess Rainfall</ID>
        <Description>Excess Rainfall</Description>
        <Dimensions>
          <Dimension>
            <Base>Length</Base>
            <Power>1</Power>
          </Dimension>
        </Dimensions>
        <Unit>
          <ID>cm</ID>
          <Description>Centimeter</Description>
          <ConversionFactorToSI>1</ConversionFactorToSI>
          <OffSetToSI>0</OffSetToSI>
        </Unit>
        <ValueType>Scalar</ValueType>
      </Quantity>
    </OutputExchangeItem>
    <InputExchangeItem>
      <ElementSet>
        <ID>SmithBranch</ID>
        <Description>Smith Branch Watershed, Columbia SC</Description>
        <Version>1</Version>
        <ShapefilePath>..\..\..\data\gis\SubWatershedCentroids_HEC.shp</ShapefilePath>
      </ElementSet>
      <Quantity>
        <ID>Rainfall</ID>
        <Description>Precipitation</Description>
        <Dimensions>
          <Dimension>
            <Power>1</Power>
            <Base>Length</Base>
          </Dimension>
        </Dimensions>
        <Unit>
          <ID>cm</ID>
          <Description>Centimeters</Description>
          <ConversionFactorToSI>1</ConversionFactorToSI>
          <OffSetToSI>0</OffSetToSI>
        </Unit>
        <ValueType>Scalar</ValueType>
      </Quantity>
    </InputExchangeItem>
  </ExchangeItems>
  <TimeHorizon>
    <StartDateTime>08/20/2009 21:40:00</StartDateTime>
    <EndDateTime>08/21/2009 10:00:00</EndDateTime>
    <TimeStepInSeconds>300</TimeStepInSeconds>
  </TimeHorizon>
  <ModelInfo>
    <ID>Curve Number Method</ID>
    <Description>Calculates the Excess Precipitation that results from Precipitation</Description>
  </ModelInfo>
</Configuration>
