<?xml version="1.0" encoding="UTF-8"?><?xml-stylesheet type='text/xsl' href='_UpgradeReport_Files/UpgradeReport.xslt'?><UpgradeLog>
<Properties><Property Name="Solution" Value="WFSTest">
</Property><Property Name="Solution File" Value="D:\James\Documents\Visual Studio 2010\Projects\WFSTest\WFSTest.sln">
</Property><Property Name="User Options File" Value="D:\James\Documents\Visual Studio 2010\Projects\WFSTest\WFSTest.suo">
</Property><Property Name="Date" Value="Saturday, October 23, 2010">
</Property><Property Name="Time" Value="20:17 PM">
</Property></Properties><Event ErrorLevel="0" Project="" Source="WFSTest.sln" Description="File successfully backed up as D:\James\Documents\Visual Studio 2010\Projects\WFSTest\Backup\WFSTest.sln">
</Event><Event ErrorLevel="0" Project="" Source="WFSTest.suo" Description="File successfully backed up as D:\James\Documents\Visual Studio 2010\Projects\WFSTest\Backup\WFSTest.suo">
</Event><Event ErrorLevel="0" Project="WFSTest" Source="WFSTest.csproj" Description="Project file successfully backed up as D:\James\Documents\Visual Studio 2010\Projects\WFSTest\Backup\WFSTest.csproj">
</Event><Event ErrorLevel="0" Project="WFSTest" Source="Form1.cs" Description="File successfully backed up as D:\James\Documents\Visual Studio 2010\Projects\WFSTest\Backup\Form1.cs">
</Event><Event ErrorLevel="0" Project="WFSTest" Source="Form1.Designer.cs" Description="File successfully backed up as D:\James\Documents\Visual Studio 2010\Projects\WFSTest\Backup\Form1.Designer.cs">
</Event><Event ErrorLevel="0" Project="WFSTest" Source="Request\HttpGetRequest.cs" Description="File successfully backed up as D:\James\Documents\Visual Studio 2010\Projects\WFSTest\Backup\Request\HttpGetRequest.cs">
</Event><Event ErrorLevel="0" Project="WFSTest" Source="Request\HttpPostRequest.cs" Description="File successfully backed up as D:\James\Documents\Visual Studio 2010\Projects\WFSTest\Backup\Request\HttpPostRequest.cs">
</Event><Event ErrorLevel="0" Project="WFSTest" Source="Request\HttpRequest.cs" Description="File successfully backed up as D:\James\Documents\Visual Studio 2010\Projects\WFSTest\Backup\Request\HttpRequest.cs">
</Event><Event ErrorLevel="0" Project="WFSTest" Source="Program.cs" Description="File successfully backed up as D:\James\Documents\Visual Studio 2010\Projects\WFSTest\Backup\Program.cs">
</Event><Event ErrorLevel="0" Project="WFSTest" Source="Properties\AssemblyInfo.cs" Description="File successfully backed up as D:\James\Documents\Visual Studio 2010\Projects\WFSTest\Backup\Properties\AssemblyInfo.cs">
</Event><Event ErrorLevel="0" Project="WFSTest" Source="Properties\Resources.Designer.cs" Description="File successfully backed up as D:\James\Documents\Visual Studio 2010\Projects\WFSTest\Backup\Properties\Resources.Designer.cs">
</Event><Event ErrorLevel="0" Project="WFSTest" Source="Properties\Settings.Designer.cs" Description="File successfully backed up as D:\James\Documents\Visual Studio 2010\Projects\WFSTest\Backup\Properties\Settings.Designer.cs">
</Event><Event ErrorLevel="0" Project="WFSTest" Source="Properties\Settings.settings" Description="File successfully backed up as D:\James\Documents\Visual Studio 2010\Projects\WFSTest\Backup\Properties\Settings.settings">
</Event><Event ErrorLevel="0" Project="WFSTest" Source="Form1.resx" Description="File successfully backed up as D:\James\Documents\Visual Studio 2010\Projects\WFSTest\Backup\Form1.resx">
</Event><Event ErrorLevel="0" Project="WFSTest" Source="Properties\Resources.resx" Description="File successfully backed up as D:\James\Documents\Visual Studio 2010\Projects\WFSTest\Backup\Properties\Resources.resx">
</Event><Event ErrorLevel="0" Project="WFSTest" Source="WFSTest.csproj" Description="Project converted successfully">
</Event><Event ErrorLevel="3" Project="WFSTest" Source="WFSTest.csproj" Description="Converted">
</Event><Event ErrorLevel="0" Project="" Source="WFSTest.sln" Description="Solution converted successfully">
</Event><Event ErrorLevel="3" Project="" Source="WFSTest.sln" Description="Converted">
</Event><Event ErrorLevel="0" Project="WFSTest" Source="WFSTest.csproj" Description="Scan complete: Upgrade not required for project files.">
</Event></UpgradeLog>