<?xml version="1.0"?>
<!--<!DOCTYPE metadata SYSTEM "http://www.esri.com/metadata/esriprof80.dtd">-->
<metadata xml:lang="en"><Esri><MetaID>{69CC3209-48A3-4EA1-97EF-7837B8E5136E}</MetaID><CreaDate>20100327</CreaDate><CreaTime>13591400</CreaTime><SyncOnce>TRUE</SyncOnce><DataProperties><lineage><Process ToolSource="C:\Program Files\ArcGIS\ArcToolbox\Toolboxes\Data Management Tools.tbx\Project" Date="20100327" Time="135914">Project C:\Projects\HIS\HydroModeler-Demo-For-AGU\example_configuration\data\gis\SubWatersheds.shp C:\Projects\HIS\HydroModeler-Demo-For-AGU\example_configuration\data\gis\SubWatersheds_geo.shp GEOGCS['GCS_WGS_1984',DATUM['D_WGS_1984',SPHEROID['WGS_1984',6378137.0,298.257223563]],PRIMEM['Greenwich',0.0],UNIT['Degree',0.0174532925199433]] NAD_1983_To_WGS_1984_1 PROJCS['NAD_1983_StatePlane_South_Carolina_FIPS_3900_Feet_Intl',GEOGCS['GCS_North_American_1983',DATUM['D_North_American_1983',SPHEROID['GRS_1980',6378137.0,298.257222101]],PRIMEM['Greenwich',0.0],UNIT['Degree',0.0174532925199433]],PROJECTION['Lambert_Conformal_Conic'],PARAMETER['False_Easting',2000000.0],PARAMETER['False_Northing',0.0],PARAMETER['Central_Meridian',-81.0],PARAMETER['Standard_Parallel_1',32.5],PARAMETER['Standard_Parallel_2',34.83333333333334],PARAMETER['Latitude_Of_Origin',31.83333333333333],UNIT['Foot',0.3048]]</Process></lineage></DataProperties></Esri></metadata>
