<?xml version="1.0"?>
<!--<!DOCTYPE metadata SYSTEM "http://www.esri.com/metadata/esriprof80.dtd">-->
<metadata xml:lang="en"><Esri><CreaDate>20090316</CreaDate><CreaTime>13082500</CreaTime><SyncOnce>TRUE</SyncOnce><DataProperties><lineage><Process ToolSource="C:\Program Files\ArcGIS\ArcToolbox\Toolboxes\Data Management Tools.tbx\FeatureToPoint" Date="20081110" Time="111802">FeatureToPoint Watershed_Sub_ALL "C:\Code\OpenMI.Models\Repo.Code\branch\branch02\data\RockyBranchData\Smith Branch Data\SubWatershedPoints.shp" CENTROID</Process></lineage></DataProperties><MetaID>{7DABFEC4-F981-49BF-B070-DC844A8B517C}</MetaID></Esri><idinfo><citation><citeinfo><onlink Sync="TRUE"></onlink></citeinfo></citation></idinfo><distInfo><distributor><distorTran><onLineSrc><linkage Sync="TRUE">file://</linkage><protocol Sync="TRUE">Local Area Network</protocol></onLineSrc></distorTran></distributor></distInfo><dataqual><lineage><procstep><procdesc Sync="TRUE">Dataset copied.</procdesc><srcused Sync="TRUE"></srcused><procdate Sync="TRUE">20090316</procdate><proctime Sync="TRUE">13082500</proctime></procstep></lineage></dataqual></metadata>
