<?xml version="1.0"?>
<!--<!DOCTYPE metadata SYSTEM "http://www.esri.com/metadata/esriprof80.dtd">-->
<metadata xml:lang="en"><Esri><CreaDate>20100327</CreaDate><CreaTime>13584200</CreaTime><SyncOnce>TRUE</SyncOnce><DataProperties><lineage><Process ToolSource="C:\Program Files\ArcGIS\ArcToolbox\Toolboxes\Data Management Tools.tbx\FeatureToPoint" Date="20081110" Time="111802">FeatureToPoint Watershed_Sub_ALL "C:\Code\OpenMI.Models\Repo.Code\branch\branch02\data\RockyBranchData\Smith Branch Data\SubWatershedPoints.shp" CENTROID</Process><Process ToolSource="C:\Program Files\ArcGIS\ArcToolbox\Toolboxes\Data Management Tools.tbx\Project" Date="20100327" Time="135842">Project C:\Projects\HIS\HydroModeler-Demo-For-AGU\example_configuration\data\gis\SubWatershedCentroids.shp C:\Projects\HIS\HydroModeler-Demo-For-AGU\example_configuration\data\gis\SubWatershedCentroids_geo.shp GEOGCS['GCS_WGS_1984',DATUM['D_WGS_1984',SPHEROID['WGS_1984',6378137.0,298.257223563]],PRIMEM['Greenwich',0.0],UNIT['Degree',0.0174532925199433]] NAD_1983_To_WGS_1984_1 PROJCS['NAD_1983_StatePlane_South_Carolina_FIPS_3900_Feet_Intl',GEOGCS['GCS_North_American_1983',DATUM['D_North_American_1983',SPHEROID['GRS_1980',6378137.0,298.257222101]],PRIMEM['Greenwich',0.0],UNIT['Degree',0.0174532925199433]],PROJECTION['Lambert_Conformal_Conic'],PARAMETER['False_Easting',2000000.0],PARAMETER['False_Northing',0.0],PARAMETER['Central_Meridian',-81.0],PARAMETER['Standard_Parallel_1',32.5],PARAMETER['Standard_Parallel_2',34.83333333333334],PARAMETER['Latitude_Of_Origin',31.83333333333333],UNIT['Foot',0.3048]]</Process></lineage></DataProperties><MetaID>{4941651E-459A-4FDC-A91B-C1A06CAD4478}</MetaID></Esri><idinfo><citation><citeinfo><onlink Sync="TRUE"></onlink></citeinfo></citation></idinfo><distInfo><distributor><distorTran><onLineSrc><linkage Sync="TRUE">file://</linkage><protocol Sync="TRUE">Local Area Network</protocol></onLineSrc></distorTran></distributor></distInfo><dataqual><lineage><procstep><procdesc Sync="TRUE">Dataset copied.</procdesc><srcused Sync="TRUE"></srcused><procdate Sync="TRUE">20090316</procdate><proctime Sync="TRUE">13082500</proctime></procstep><procstep><procdesc Sync="TRUE">Dataset copied.</procdesc><srcused Sync="TRUE"></srcused><procdate Sync="TRUE">20100327</procdate><proctime Sync="TRUE">13584200</proctime></procstep></lineage></dataqual></metadata>
